Workbook

Sheet README
B2: EA-IRMS correction template
B4: Thermo Flash EA coupled to a Delta/253 IRMS. Takes the Isodat export and returns %C, %N, C:N, delta-13C and delta-15N, with every correction visible as a live formula. ea_irms 1.4.0.
B6: How to use it
B7: 1. Open the Raw sheet. Select rows 2 to 1001 and press Delete, then paste your Isodat export starting in cell A2. Do not paste over row 1: the headers there are what every other sheet looks for. The sheet ships loaded with the 2026-09-15 test run as a worked example, so delete that first.
B8: 2. Open Setup. Check the standards table against the certificates and against what the sequence actually called things. A material is recognised by the text in column A appearing anywhere in Identifier 1, so "Ace Drift" catches Ace Drift1 through Ace Drift 13. Matching ignores case.
B9: 3. Open Work and type sample masses in the yellow column F, in mg. Leave a cell empty to use the mass the export already carries in its Amount column. Without a mass there is no %C, %N or C:N for that row, though the isotope values still come out.
B10: 4. Read QC before you read anything else. It flags check standards that missed, samples outside the calibrated size range, blanks that cannot support a blank correction, a reference gas that moved during the run, and positions whose background rose right after an oversized sample.
B11: 5. Take the numbers from Results, with their uncertainties. Work is the audit trail behind them and Fits holds every fitted coefficient with its r-squared, residual scatter and, for the corrections, the test that decided whether it was applied.
B13: Colour
B14: Yellow cells with blue text are yours to fill in. Grey columns are machinery and can be ignored. Green columns are the reported values. Everything else is a formula, and overtyping one breaks that row silently, so work on a copy.
B16: What the sheets do
B17: Raw. Paste target, unaltered. Two grey helper columns label each peak record by channel and give it a key.
... B45: ea_irms 1.4.0. Built at the Wang Stable Isotope Biogeochemistry Lab, Boston College, and free to use and adapt. Cite the version when you publish data corrected with it.

Sheet Raw
A1: Row | B1: Identifier 1 | C1: Identifier 2 | D1: Peak Nr | E1: Amount | F1: Ampl 28 | G1: BGD 28 | H1: Area 28 | I1: Is Ref _ | J1: Ampl 44 | K1: Area 44 | L1: Peak Nr Flash TCD | M1: rArea Flash TCD | N1: d 15N/14N | O1: d 13C/12C | P1: BGD Flash TCD | R1: Channel | S1: Key | T1: grey helper columns, computed
A2: 56 | B2: blank capsule | E2: 0.397 | L2: 1 | M2: 83626 | P2: 2123 | R2: =IF($D2="","",IF($F2<>"","N",IF($J2<>"","C",""))) | S2: =IF($R2="","",$A2&"|"&$R2&"|"&$D2)
A3: 56 | B3: blank capsule | D3: 1 | E3: 0.397 | F3: 673 | G3: 23.3 | H3: 13.036 | I3: 0 | N3: -1.246 | R3: =IF($D3="","",IF($F3<>"","N",IF($J3<>"","C",""))) -> N | S3: =IF($R3="","",$A3&"|"&$R3&"|"&$D3) -> 56|N|1
A4: 56 | B4: blank capsule | D4: 2 | E4: 0.397 | F4: 677 | G4: 23.2 | H4: 13.038 | I4: 1 | N4: -1.25 | R4: =IF($D4="","",IF($F4<>"","N",IF($J4<>"","C",""))) -> N | S4: =IF($R4="","",$A4&"|"&$R4&"|"&$D4) -> 56|N|2
A5: 56 | B5: blank capsule | D5: 3 | E5: 0.397 | F5: 92 | G5: 25.7 | H5: 2.058 | I5: 0 | N5: -6.777 | R5: =IF($D5="","",IF($F5<>"","N",IF($J5<>"","C",""))) -> N | S5: =IF($R5="","",$A5&"|"&$R5&"|"&$D5) -> 56|N|3
A6: 56 | B6: blank capsule | D6: 4 | E6: 0.397 | I6: 1 | J6: 4720 | K6: 89.245 | O6: -25.22 | R6: =IF($D6="","",IF($F6<>"","N",IF($J6<>"","C",""))) -> C | S6: =IF($R6="","",$A6&"|"&$R6&"|"&$D6) -> 56|C|4
A7: 56 | B7: blank capsule | D7: 5 | E7: 0.397 | I7: 0 | J7: 4685 | K7: 89.236 | O7: -25.445 | R7: =IF($D7="","",IF($F7<>"","N",IF($J7<>"","C",""))) -> C | S7: =IF($R7="","",$A7&"|"&$R7&"|"&$D7) -> 56|C|5
A8: 56 | B8: blank capsule | D8: 6 | E8: 0.397 | I8: 0 | J8: 4746 | K8: 89.515 | O8: -25.553 | R8: =IF($D8="","",IF($F8<>"","N",IF($J8<>"","C",""))) -> C | S8: =IF($R8="","",$A8&"|"&$R8&"|"&$D8) -> 56|C|6
A9: 55 | B9: Ace Drift 13 | E9: 0.397 | L9: 1 | M9: 90981 | P9: 2121 | R9: =IF($D9="","",IF($F9<>"","N",IF($J9<>"","C",""))) | S9: =IF($R9="","",$A9&"|"&$R9&"|"&$D9)
A10: 55 | B10: Ace Drift 13 | E10: 0.397 | L10: 2 | M10: 683592 | P10: 2753 | R10: =IF($D10="","",IF($F10<>"","N",IF($J10<>"","C",""))) | S10: =IF($R10="","",$A10&"|"&$R10&"|"&$D10)
A11: 55 | B11: Ace Drift 13 | D11: 1 | E11: 0.397 | F11: 672 | G11: 23.3 | H11: 13.021 | I11: 0 | N11: -1.346 | R11: =IF($D11="","",IF($F11<>"","N",IF($J11<>"","C",""))) -> N | S11: =IF($R11="","",$A11&"|"&$R11&"|"&$D11) -> 55|N|1
A12: 55 | B12: Ace Drift 13 | D12: 2 | E12: 0.397 | F12: 677 | G12: 23.2 | H12: 13.038 | I12: 1 | N12: -1.25 | R12: =IF($D12="","",IF($F12<>"","N",IF($J12<>"","C",""))) -> N | S12: =IF($R12="","",$A12&"|"&$R12&"|"&$D12) -> 55|N|2
A13: 55 | B13: Ace Drift 13 | D13: 3 | E13: 0.397 | F13: 1555 | G13: 24 | H13: 28.314 | I13: 0 | N13: -6.395 | R13: =IF($D13="","",IF($F13<>"","N",IF($J13<>"","C",""))) -> N | S13: =IF($R13="","",$A13&"|"&$R13&"|"&$D13) -> 55|N|3
A14: 55 | B14: Ace Drift 13 | D14: 4 | E14: 0.397 | I14: 0 | J14: 5635 | K14: 128.087 | O14: -9.436 | R14: =IF($D14="","",IF($F14<>"","N",IF($J14<>"","C",""))) -> C | S14: =IF($R14="","",$A14&"|"&$R14&"|"&$D14) -> 55|C|4
A15: 55 | B15: Ace Drift 13 | D15: 5 | E15: 0.397 | I15: 1 | J15: 4749 | K15: 89.293 | O15: -25.22 | R15: =IF($D15="","",IF($F15<>"","N",IF($J15<>"","C",""))) -> C | S15: =IF($R15="","",$A15&"|"&$R15&"|"&$D15) -> 55|C|5
A16: 55 | B16: Ace Drift 13 | D16: 6 | E16: 0.397 | I16: 0 | J16: 4759 | K16: 89.385 | O16: -25.343 | R16: =IF($D16="","",IF($F16<>"","N",IF($J16<>"","C",""))) -> C | S16: =IF($R16="","",$A16&"|"&$R16&"|"&$D16) -> 55|C|6
A17: 55 | B17: Ace Drift 13 | D17: 7 | E17: 0.397 | I17: 0 | J17: 4753 | K17: 89.531 | O17: -25.405 | R17: =IF($D17="","",IF($F17<>"","N",IF($J17<>"","C",""))) -> C | S17: =IF($R17="","",$A17&"|"&$R17&"|"&$D17) -> 55|C|7
A18: 54 | B18: Ace Drift12 | E18: 0.38 | L18: 1 | M18: 89197 | P18: 2122 | R18: =IF($D18="","",IF($F18<>"","N",IF($J18<>"","C",""))) | S18: =IF($R18="","",$A18&"|"&$R18&"|"&$D18)
A19: 54 | B19: Ace Drift12 | E19: 0.38 | L19: 2 | M19: 655686 | P19: 2744 | R19: =IF($D19="","",IF($F19<>"","N",IF($J19<>"","C",""))) | S19: =IF($R19="","",$A19&"|"&$R19&"|"&$D19)
A20: 54 | B20: Ace Drift12 | D20: 1 | E20: 0.38 | F20: 673 | G20: 23 | H20: 13.018 | I20: 0 | N20: -1.255 | R20: =IF($D20="","",IF($F20<>"","N",IF($J20<>"","C",""))) -> N | S20: =IF($R20="","",$A20&"|"&$R20&"|"&$D20) -> 54|N|1
A21: 54 | B21: Ace Drift12 | D21: 2 | E21: 0.38 | F21: 677 | G21: 23 | H21: 13.035 | I21: 1 | N21: -1.25 | R21: =IF($D21="","",IF($F21<>"","N",IF($J21<>"","C",""))) -> N | S21: =IF($R21="","",$A21&"|"&$R21&"|"&$D21) -> 54|N|2
A22: 54 | B22: Ace Drift12 | D22: 3 | E22: 0.38 | F22: 1494 | G22: 23.8 | H22: 27.037 | I22: 0 | N22: -6.297 | R22: =IF($D22="","",IF($F22<>"","N",IF($J22<>"","C",""))) -> N | S22: =IF($R22="","",$A22&"|"&$R22&"|"&$D22) -> 54|N|3
A23: 54 | B23: Ace Drift12 | D23: 4 | E23: 0.38 | I23: 0 | J23: 5383 | K23: 122.82 | O23: -9.406 | R23: =IF($D23="","",IF($F23<>"","N",IF($J23<>"","C",""))) -> C | S23: =IF($R23="","",$A23&"|"&$R23&"|"&$D23) -> 54|C|4
A24: 54 | B24: Ace Drift12 | D24: 5 | E24: 0.38 | I24: 1 | J24: 4728 | K24: 89.218 | O24: -25.22 | R24: =IF($D24="","",IF($F24<>"","N",IF($J24<>"","C",""))) -> C | S24: =IF($R24="","",$A24&"|"&$R24&"|"&$D24) -> 54|C|5
A25: 54 | B25: Ace Drift12 | D25: 6 | E25: 0.38 | I25: 0 | J25: 4760 | K25: 89.44 | O25: -25.342 | R25: =IF($D25="","",IF($F25<>"","N",IF($J25<>"","C",""))) -> C | S25: =IF($R25="","",$A25&"|"&$R25&"|"&$D25) -> 54|C|6
A26: 54 | B26: Ace Drift12 | D26: 7 | E26: 0.38 | I26: 0 | J26: 4761 | K26: 89.366 | O26: -25.42 | R26: =IF($D26="","",IF($F26<>"","N",IF($J26<>"","C",""))) -> C | S26: =IF($R26="","",$A26&"|"&$R26&"|"&$D26) -> 54|C|7
A27: 53 | B27: Random | L27: 1 | M27: 82872 | P27: 2123 | R27: =IF($D27="","",IF($F27<>"","N",IF($J27<>"","C",""))) | S27: =IF($R27="","",$A27&"|"&$R27&"|"&$D27)
A28: 53 | B28: Random | D28: 1 | F28: 672 | G28: 23.3 | H28: 13.007 | I28: 0 | N28: -1.245 | R28: =IF($D28="","",IF($F28<>"","N",IF($J28<>"","C",""))) -> N | S28: =IF($R28="","",$A28&"|"&$R28&"|"&$D28) -> 53|N|1
A29: 53 | B29: Random | D29: 2 | F29: 676 | G29: 23.2 | H29: 13.02 | I29: 1 | N29: -1.25 | R29: =IF($D29="","",IF($F29<>"","N",IF($J29<>"","C",""))) -> N | S29: =IF($R29="","",$A29&"|"&$R29&"|"&$D29) -> 53|N|2
A30: 53 | B30: Random | D30: 3 | F30: 63 | G30: 25.7 | H30: 1.4 | I30: 0 | N30: -9.347 | R30: =IF($D30="","",IF($F30<>"","N",IF($J30<>"","C",""))) -> N | S30: =IF($R30="","",$A30&"|"&$R30&"|"&$D30) -> 53|N|3
A31: 53 | B31: Random | D31: 4 | I31: 1 | J31: 4723 | K31: 89.184 | O31: -25.22 | R31: =IF($D31="","",IF($F31<>"","N",IF($J31<>"","C",""))) -> C | S31: =IF($R31="","",$A31&"|"&$R31&"|"&$D31) -> 53|C|4
A32: 53 | B32: Random | D32: 5 | I32: 0 | J32: 4706 | K32: 89.357 | O32: -25.479 | R32: =IF($D32="","",IF($F32<>"","N",IF($J32<>"","C",""))) -> C | S32: =IF($R32="","",$A32&"|"&$R32&"|"&$D32) -> 53|C|5
A33: 53 | B33: Random | D33: 6 | I33: 0 | J33: 4735 | K33: 89.215 | O33: -25.543 | R33: =IF($D33="","",IF($F33<>"","N",IF($J33<>"","C",""))) -> C | S33: =IF($R33="","",$A33&"|"&$R33&"|"&$D33) -> 53|C|6
A34: 52 | B34: Random | L34: 1 | M34: 82808 | P34: 2126 | R34: =IF($D34="","",IF($F34<>"","N",IF($J34<>"","C",""))) | S34: =IF($R34="","",$A34&"|"&$R34&"|"&$D34)
A35: 52 | B35: Random | L35: 2 | M35: 544367 | P35: 2752 | R35: =IF($D35="","",IF($F35<>"","N",IF($J35<>"","C",""))) | S35: =IF($R35="","",$A35&"|"&$R35&"|"&$D35)
A36: 52 | B36: Random | D36: 1 | F36: 671 | G36: 23.2 | H36: 13.005 | I36: 0 | N36: -1.193 | R36: =IF($D36="","",IF($F36<>"","N",IF($J36<>"","C",""))) -> N | S36: =IF($R36="","",$A36&"|"&$R36&"|"&$D36) -> 52|N|1
A37: 52 | B37: Random | D37: 2 | F37: 677 | G37: 23.2 | H37: 13.02 | I37: 1 | N37: -1.25 | R37: =IF($D37="","",IF($F37<>"","N",IF($J37<>"","C",""))) -> N | S37: =IF($R37="","",$A37&"|"&$R37&"|"&$D37) -> 52|N|2
A38: 52 | B38: Random | D38: 3 | F38: 1236 | G38: 24 | H38: 22.447 | I38: 0 | N38: -5.883 | R38: =IF($D38="","",IF($F38<>"","N",IF($J38<>"","C",""))) -> N | S38: =IF($R38="","",$A38&"|"&$R38&"|"&$D38) -> 52|N|3
A39: 52 | B39: Random | D39: 4 | I39: 0 | J39: 4540 | K39: 101.638 | O39: -9.614 | R39: =IF($D39="","",IF($F39<>"","N",IF($J39<>"","C",""))) -> C | S39: =IF($R39="","",$A39&"|"&$R39&"|"&$D39) -> 52|C|4
A40: 52 | B40: Random | D40: 5 | I40: 1 | J40: 4733 | K40: 89.262 | O40: -25.22 | R40: =IF($D40="","",IF($F40<>"","N",IF($J40<>"","C",""))) -> C | S40: =IF($R40="","",$A40&"|"&$R40&"|"&$D40) -> 52|C|5
A41: 52 | B41: Random | D41: 6 | I41: 0 | J41: 4770 | K41: 89.463 | O41: -25.377 | R41: =IF($D41="","",IF($F41<>"","N",IF($J41<>"","C",""))) -> C | S41: =IF($R41="","",$A41&"|"&$R41&"|"&$D41) -> 52|C|6
A42: 52 | B42: Random | D42: 7 | I42: 0 | J42: 4769 | K42: 89.429 | O42: -25.41 | R42: =IF($D42="","",IF($F42<>"","N",IF($J42<>"","C",""))) -> C | S42: =IF($R42="","",$A42&"|"&$R42&"|"&$D42) -> 52|C|7
A43: 51 | B43: Random | L43: 1 | M43: 74162 | P43: 2130 | R43: =IF($D43="","",IF($F43<>"","N",IF($J43<>"","C",""))) | S43: =IF($R43="","",$A43&"|"&$R43&"|"&$D43)
A44: 51 | B44: Random | L44: 2 | M44: 383486 | P44: 2743 | R44: =IF($D44="","",IF($F44<>"","N",IF($J44<>"","C",""))) | S44: =IF($R44="","",$A44&"|"&$R44&"|"&$D44)
A45: 51 | B45: Random | D45: 1 | F45: 671 | G45: 23.3 | H45: 13.001 | I45: 0 | N45: -1.183 | R45: =IF($D45="","",IF($F45<>"","N",IF($J45<>"","C",""))) -> N | S45: =IF($R45="","",$A45&"|"&$R45&"|"&$D45) -> 51|N|1
A46: 51 | B46: Random | D46: 2 | F46: 676 | G46: 23.3 | H46: 13.019 | I46: 1 | N46: -1.25 | R46: =IF($D46="","",IF($F46<>"","N",IF($J46<>"","C",""))) -> N | S46: =IF($R46="","",$A46&"|"&$R46&"|"&$D46) -> 51|N|2
A47: 51 | B47: Random | D47: 3 | F47: 855 | G47: 24.1 | H47: 16.082 | I47: 0 | N47: -6.109 | R47: =IF($D47="","",IF($F47<>"","N",IF($J47<>"","C",""))) -> N | S47: =IF($R47="","",$A47&"|"&$R47&"|"&$D47) -> 51|N|3
A48: 51 | B48: Random | D48: 4 | I48: 0 | J48: 3202 | K48: 71.442 | O48: -9.619 | R48: =IF($D48="","",IF($F48<>"","N",IF($J48<>"","C",""))) -> C | S48: =IF($R48="","",$A48&"|"&$R48&"|"&$D48) -> 51|C|4
A49: 51 | B49: Random | D49: 5 | I49: 1 | J49: 4738 | K49: 89.283 | O49: -25.22 | R49: =IF($D49="","",IF($F49<>"","N",IF($J49<>"","C",""))) -> C | S49: =IF($R49="","",$A49&"|"&$R49&"|"&$D49) -> 51|C|5
A50: 51 | B50: Random | D50: 6 | I50: 0 | J50: 4769 | K50: 89.406 | O50: -25.407 | R50: =IF($D50="","",IF($F50<>"","N",IF($J50<>"","C",""))) -> C | S50: =IF($R50="","",$A50&"|"&$R50&"|"&$D50) -> 51|C|6
A51: 51 | B51: Random | D51: 7 | I51: 0 | J51: 4758 | K51: 89.389 | O51: -25.464 | R51: =IF($D51="","",IF($F51<>"","N",IF($J51<>"","C",""))) -> C | S51: =IF($R51="","",$A51&"|"&$R51&"|"&$D51) -> 51|C|7
A52: 50 | B52: Ace Drift11 | E52: 0.424 | L52: 1 | M52: 92228 | P52: 2104 | R52: =IF($D52="","",IF($F52<>"","N",IF($J52<>"","C",""))) | S52: =IF($R52="","",$A52&"|"&$R52&"|"&$D52)
A53: 50 | B53: Ace Drift11 | E53: 0.424 | L53: 2 | M53: 711683 | P53: 2757 | R53: =IF($D53="","",IF($F53<>"","N",IF($J53<>"","C",""))) | S53: =IF($R53="","",$A53&"|"&$R53&"|"&$D53)
A54: 50 | B54: Ace Drift11 | D54: 1 | E54: 0.424 | F54: 671 | G54: 23.4 | H54: 13.006 | I54: 0 | N54: -1.258 | R54: =IF($D54="","",IF($F54<>"","N",IF($J54<>"","C",""))) -> N | S54: =IF($R54="","",$A54&"|"&$R54&"|"&$D54) -> 50|N|1
A55: 50 | B55: Ace Drift11 | D55: 2 | E55: 0.424 | F55: 676 | G55: 23.3 | H55: 13.021 | I55: 1 | N55: -1.25 | R55: =IF($D55="","",IF($F55<>"","N",IF($J55<>"","C",""))) -> N | S55: =IF($R55="","",$A55&"|"&$R55&"|"&$D55) -> 50|N|2
A56: 50 | B56: Ace Drift11 | D56: 3 | E56: 0.424 | F56: 1623 | G56: 24.2 | H56: 28.692 | I56: 0 | N56: -6.161 | R56: =IF($D56="","",IF($F56<>"","N",IF($J56<>"","C",""))) -> N | S56: =IF($R56="","",$A56&"|"&$R56&"|"&$D56) -> 50|N|3
A57: 50 | B57: Ace Drift11 | D57: 4 | E57: 0.424 | I57: 0 | J57: 5892 | K57: 133.29 | O57: -9.488 | R57: =IF($D57="","",IF($F57<>"","N",IF($J57<>"","C",""))) -> C | S57: =IF($R57="","",$A57&"|"&$R57&"|"&$D57) -> 50|C|4
A58: 50 | B58: Ace Drift11 | D58: 5 | E58: 0.424 | I58: 1 | J58: 4751 | K58: 89.434 | O58: -25.22 | R58: =IF($D58="","",IF($F58<>"","N",IF($J58<>"","C",""))) -> C | S58: =IF($R58="","",$A58&"|"&$R58&"|"&$D58) -> 50|C|5
A59: 50 | B59: Ace Drift11 | D59: 6 | E59: 0.424 | I59: 0 | J59: 4755 | K59: 89.442 | O59: -25.373 | R59: =IF($D59="","",IF($F59<>"","N",IF($J59<>"","C",""))) -> C | S59: =IF($R59="","",$A59&"|"&$R59&"|"&$D59) -> 50|C|6
A60: 50 | B60: Ace Drift11 | D60: 7 | E60: 0.424 | I60: 0 | J60: 4756 | K60: 89.506 | O60: -25.413 | R60: =IF($D60="","",IF($F60<>"","N",IF($J60<>"","C",""))) -> C | S60: =IF($R60="","",$A60&"|"&$R60&"|"&$D60) -> 50|C|7
A61: 49 | B61: Random | L61: 1 | M61: 107654 | P61: 2133 | R61: =IF($D61="","",IF($F61<>"","N",IF($J61<>"","C",""))) | S61: =IF($R61="","",$A61&"|"&$R61&"|"&$D61)
A62: 49 | B62: Random | L62: 2 | M62: 1039471 | P62: 2769 | R62: =IF($D62="","",IF($F62<>"","N",IF($J62<>"","C",""))) | S62: =IF($R62="","",$A62&"|"&$R62&"|"&$D62)
A63: 49 | B63: Random | D63: 1 | F63: 672 | G63: 23.3 | H63: 13.002 | I63: 0 | N63: -1.223 | R63: =IF($D63="","",IF($F63<>"","N",IF($J63<>"","C",""))) -> N | S63: =IF($R63="","",$A63&"|"&$R63&"|"&$D63) -> 49|N|1
A64: 49 | B64: Random | D64: 2 | F64: 676 | G64: 23.2 | H64: 13.022 | I64: 1 | N64: -1.25 | R64: =IF($D64="","",IF($F64<>"","N",IF($J64<>"","C",""))) -> N | S64: =IF($R64="","",$A64&"|"&$R64&"|"&$D64) -> 49|N|2
A65: 49 | B65: Random | D65: 3 | F65: 2404 | G65: 24.1 | H65: 41.648 | I65: 0 | N65: -5.971 | R65: =IF($D65="","",IF($F65<>"","N",IF($J65<>"","C",""))) -> N | S65: =IF($R65="","",$A65&"|"&$R65&"|"&$D65) -> 49|N|3
A66: 49 | B66: Random | D66: 4 | I66: 0 | J66: 8403 | K66: 195.21 | O66: -9.471 | R66: =IF($D66="","",IF($F66<>"","N",IF($J66<>"","C",""))) -> C | S66: =IF($R66="","",$A66&"|"&$R66&"|"&$D66) -> 49|C|4
A67: 49 | B67: Random | D67: 5 | I67: 1 | J67: 4749 | K67: 89.332 | O67: -25.22 | R67: =IF($D67="","",IF($F67<>"","N",IF($J67<>"","C",""))) -> C | S67: =IF($R67="","",$A67&"|"&$R67&"|"&$D67) -> 49|C|5
A68: 49 | B68: Random | D68: 6 | I68: 0 | J68: 4755 | K68: 89.498 | O68: -25.338 | R68: =IF($D68="","",IF($F68<>"","N",IF($J68<>"","C",""))) -> C | S68: =IF($R68="","",$A68&"|"&$R68&"|"&$D68) -> 49|C|6
A69: 49 | B69: Random | D69: 7 | I69: 0 | J69: 4755 | K69: 89.6 | O69: -25.395 | R69: =IF($D69="","",IF($F69<>"","N",IF($J69<>"","C",""))) -> C | S69: =IF($R69="","",$A69&"|"&$R69&"|"&$D69) -> 49|C|7
A70: 48 | B70: Random | L70: 1 | M70: 89549 | P70: 2130 | R70: =IF($D70="","",IF($F70<>"","N",IF($J70<>"","C",""))) | S70: =IF($R70="","",$A70&"|"&$R70&"|"&$D70)
A71: 48 | B71: Random | L71: 2 | M71: 680894 | P71: 2754 | R71: =IF($D71="","",IF($F71<>"","N",IF($J71<>"","C",""))) | S71: =IF($R71="","",$A71&"|"&$R71&"|"&$D71)
A72: 48 | B72: Random | D72: 1 | F72: 672 | G72: 23.1 | H72: 13.007 | I72: 0 | N72: -1.244 | R72: =IF($D72="","",IF($F72<>"","N",IF($J72<>"","C",""))) -> N | S72: =IF($R72="","",$A72&"|"&$R72&"|"&$D72) -> 48|N|1
A73: 48 | B73: Random | D73: 2 | F73: 676 | G73: 23.1 | H73: 13.022 | I73: 1 | N73: -1.25 | R73: =IF($D73="","",IF($F73<>"","N",IF($J73<>"","C",""))) -> N | S73: =IF($R73="","",$A73&"|"&$R73&"|"&$D73) -> 48|N|2
A74: 48 | B74: Random | D74: 3 | F74: 1538 | G74: 23.9 | H74: 27.231 | I74: 0 | N74: -6.25 | R74: =IF($D74="","",IF($F74<>"","N",IF($J74<>"","C",""))) -> N | S74: =IF($R74="","",$A74&"|"&$R74&"|"&$D74) -> 48|N|3
A75: 48 | B75: Random | D75: 4 | I75: 0 | J75: 5640 | K75: 127.336 | O75: -9.587 | R75: =IF($D75="","",IF($F75<>"","N",IF($J75<>"","C",""))) -> C | S75: =IF($R75="","",$A75&"|"&$R75&"|"&$D75) -> 48|C|4
A76: 48 | B76: Random | D76: 5 | I76: 1 | J76: 4725 | K76: 89.404 | O76: -25.22 | R76: =IF($D76="","",IF($F76<>"","N",IF($J76<>"","C",""))) -> C | S76: =IF($R76="","",$A76&"|"&$R76&"|"&$D76) -> 48|C|5
A77: 48 | B77: Random | D77: 6 | I77: 0 | J77: 4759 | K77: 89.363 | O77: -25.357 | R77: =IF($D77="","",IF($F77<>"","N",IF($J77<>"","C",""))) -> C | S77: =IF($R77="","",$A77&"|"&$R77&"|"&$D77) -> 48|C|6
A78: 48 | B78: Random | D78: 7 | I78: 0 | J78: 4763 | K78: 89.585 | O78: -25.4 | R78: =IF($D78="","",IF($F78<>"","N",IF($J78<>"","C",""))) -> C | S78: =IF($R78="","",$A78&"|"&$R78&"|"&$D78) -> 48|C|7
A79: 47 | B79: Random | L79: 1 | M79: 188520 | P79: 2128 | R79: =IF($D79="","",IF($F79<>"","N",IF($J79<>"","C",""))) | S79: =IF($R79="","",$A79&"|"&$R79&"|"&$D79)
A80: 47 | B80: Random | D80: 1 | F80: 671 | G80: 23.3 | H80: 13.003 | I80: 0 | N80: -1.175 | R80: =IF($D80="","",IF($F80<>"","N",IF($J80<>"","C",""))) -> N | S80: =IF($R80="","",$A80&"|"&$R80&"|"&$D80) -> 47|N|1
A81: 47 | B81: Random | D81: 2 | F81: 675 | G81: 23.3 | H81: 13.009 | I81: 1 | N81: -1.25 | R81: =IF($D81="","",IF($F81<>"","N",IF($J81<>"","C",""))) -> N | S81: =IF($R81="","",$A81&"|"&$R81&"|"&$D81) -> 47|N|2
A82: 47 | B82: Random | D82: 3 | F82: 142 | G82: 24.1 | H82: 2.464 | I82: 0 | N82: 1.617 | R82: =IF($D82="","",IF($F82<>"","N",IF($J82<>"","C",""))) -> N | S82: =IF($R82="","",$A82&"|"&$R82&"|"&$D82) -> 47|N|3
A83: 47 | B83: Random | D83: 4 | I83: 0 | J83: 926 | K83: 20.21 | O83: -10.686 | R83: =IF($D83="","",IF($F83<>"","N",IF($J83<>"","C",""))) -> C | S83: =IF($R83="","",$A83&"|"&$R83&"|"&$D83) -> 47|C|4
A84: 47 | B84: Random | D84: 5 | I84: 1 | J84: 4702 | K84: 89.345 | O84: -25.22 | R84: =IF($D84="","",IF($F84<>"","N",IF($J84<>"","C",""))) -> C | S84: =IF($R84="","",$A84&"|"&$R84&"|"&$D84) -> 47|C|5
A85: 47 | B85: Random | D85: 6 | I85: 0 | J85: 4743 | K85: 89.435 | O85: -25.449 | R85: =IF($D85="","",IF($F85<>"","N",IF($J85<>"","C",""))) -> C | S85: =IF($R85="","",$A85&"|"&$R85&"|"&$D85) -> 47|C|6
A86: 47 | B86: Random | D86: 7 | I86: 0 | J86: 4776 | K86: 89.445 | O86: -25.539 | R86: =IF($D86="","",IF($F86<>"","N",IF($J86<>"","C",""))) -> C | S86: =IF($R86="","",$A86&"|"&$R86&"|"&$D86) -> 47|C|7
A87: 46 | B87: Ace Drift10 | E87: 0.419 | L87: 1 | M87: 91505 | P87: 2133 | R87: =IF($D87="","",IF($F87<>"","N",IF($J87<>"","C",""))) | S87: =IF($R87="","",$A87&"|"&$R87&"|"&$D87)
A88: 46 | B88: Ace Drift10 | E88: 0.419 | L88: 2 | M88: 724362 | P88: 2757 | R88: =IF($D88="","",IF($F88<>"","N",IF($J88<>"","C",""))) | S88: =IF($R88="","",$A88&"|"&$R88&"|"&$D88)
A89: 46 | B89: Ace Drift10 | D89: 1 | E89: 0.419 | F89: 671 | G89: 23.1 | H89: 13.003 | I89: 0 | N89: -1.263 | R89: =IF($D89="","",IF($F89<>"","N",IF($J89<>"","C",""))) -> N | S89: =IF($R89="","",$A89&"|"&$R89&"|"&$D89) -> 46|N|1
A90: 46 | B90: Ace Drift10 | D90: 2 | E90: 0.419 | F90: 675 | G90: 23.1 | H90: 13.013 | I90: 1 | N90: -1.25 | R90: =IF($D90="","",IF($F90<>"","N",IF($J90<>"","C",""))) -> N | S90: =IF($R90="","",$A90&"|"&$R90&"|"&$D90) -> 46|N|2
A91: 46 | B91: Ace Drift10 | D91: 3 | E91: 0.419 | F91: 1652 | G91: 23.9 | H91: 29.047 | I91: 0 | N91: -6.231 | R91: =IF($D91="","",IF($F91<>"","N",IF($J91<>"","C",""))) -> N | S91: =IF($R91="","",$A91&"|"&$R91&"|"&$D91) -> 46|N|3
A92: 46 | B92: Ace Drift10 | D92: 4 | E92: 0.419 | I92: 0 | J92: 5971 | K92: 135.61 | O92: -9.407 | R92: =IF($D92="","",IF($F92<>"","N",IF($J92<>"","C",""))) -> C | S92: =IF($R92="","",$A92&"|"&$R92&"|"&$D92) -> 46|C|4
A93: 46 | B93: Ace Drift10 | D93: 5 | E93: 0.419 | I93: 1 | J93: 4735 | K93: 89.383 | O93: -25.22 | R93: =IF($D93="","",IF($F93<>"","N",IF($J93<>"","C",""))) -> C | S93: =IF($R93="","",$A93&"|"&$R93&"|"&$D93) -> 46|C|5
A94: 46 | B94: Ace Drift10 | D94: 6 | E94: 0.419 | I94: 0 | J94: 4769 | K94: 89.475 | O94: -25.35 | R94: =IF($D94="","",IF($F94<>"","N",IF($J94<>"","C",""))) -> C | S94: =IF($R94="","",$A94&"|"&$R94&"|"&$D94) -> 46|C|6
A95: 46 | B95: Ace Drift10 | D95: 7 | E95: 0.419 | I95: 0 | J95: 4750 | K95: 89.43 | O95: -25.403 | R95: =IF($D95="","",IF($F95<>"","N",IF($J95<>"","C",""))) -> C | S95: =IF($R95="","",$A95&"|"&$R95&"|"&$D95) -> 46|C|7
A96: 45 | B96: Random | L96: 1 | M96: 190419 | P96: 2135 | R96: =IF($D96="","",IF($F96<>"","N",IF($J96<>"","C",""))) | S96: =IF($R96="","",$A96&"|"&$R96&"|"&$D96)
A97: 45 | B97: Random | D97: 1 | F97: 669 | G97: 23.1 | H97: 12.987 | I97: 0 | N97: -1.315 | R97: =IF($D97="","",IF($F97<>"","N",IF($J97<>"","C",""))) -> N | S97: =IF($R97="","",$A97&"|"&$R97&"|"&$D97) -> 45|N|1
A98: 45 | B98: Random | D98: 2 | F98: 675 | G98: 23.1 | H98: 12.999 | I98: 1 | N98: -1.25 | R98: =IF($D98="","",IF($F98<>"","N",IF($J98<>"","C",""))) -> N | S98: =IF($R98="","",$A98&"|"&$R98&"|"&$D98) -> 45|N|2
A99: 45 | B99: Random | D99: 3 | F99: 141 | G99: 24 | H99: 2.478 | I99: 0 | N99: 1.975 | R99: =IF($D99="","",IF($F99<>"","N",IF($J99<>"","C",""))) -> N | S99: =IF($R99="","",$A99&"|"&$R99&"|"&$D99) -> 45|N|3
A100: 45 | B100: Random | D100: 4 | I100: 0 | J100: 945 | K100: 20.462 | O100: -10.909 | R100: =IF($D100="","",IF($F100<>"","N",IF($J100<>"","C",""))) -> C | S100: =IF($R100="","",$A100&"|"&$R100&"|"&$D100) -> 45|C|4
...

Sheet Setup
A1: Setup
A2: Yellow cells are yours. Everything else on this sheet is a label.
A4: Run information
A5: Run name | B5: 20260915 TestRun
A6: Run date | B6: 2026-09-15
A7: Analyst
A9: Processing options
A10: Blank correction | B10: Auto | G10: On / Off / Auto. Auto applies it only when at least three blanks agree to within 2 permil.
A11: Linearity correction | B11: Auto | G11: On / Off / Auto. Auto applies the fitted slope only when it differs from zero at the significance level below.
A12: Drift correction | B12: Auto | G12: On / Off / Auto. Auto applies the fitted slope only when it differs from zero at the significance level below.
A13: Drift model | B13: Row | G13: Row / Background / Auto. Auto takes the lower residual scatter, which is not an independent test. See the note under the table.
A14: First position to use in the drift fit | G14: Leave empty to use every position. QC suggests a value. The calibration anchors are never excluded, since they are always run early.
A15: Significance level for Auto | B15: 0.05 | G15: A slope is applied on Auto when its two-sided p-value is below this. The FIRMS guide asks that a correction be shown necessary before it is applied.
A16: Positions left out of the nitrogen drift fit | G16: Comma-separated autosampler positions, e.g. 59. Use it for a drift monitor QC calls an outlier when the cause is the capsule, not the instrument.
A17: Positions left out of the carbon drift fit | G17: Separate lists, because a capsule can go wrong in one element only.
A19: Flag thresholds
A20: Check standard offset (permil) | B20: 0.5 | G20: Flag a check standard further than this from its accepted value.
A21: Minimum Area 28 | G21: Leave empty to use the smallest linearity standard in the run.
A22: Minimum Area 44 | G22: Leave empty to use the smallest linearity standard in the run.
A23: Maximum Area 28 | G23: Leave empty to use the largest linearity standard in the run.
A24: Maximum Area 44 | G24: Leave empty to use the largest linearity standard in the run.
A25: Minimum peak area, x the blank | B25: 3 | G25: Below this multiple of the blank the blank correction amplifies rather than corrects. Leave empty to skip the check.
A26: Settled when background excess is under | B26: 0.1 | G26: Fraction of the run's starting excess left in the reference-peak background. Used only to suggest a first position and to flag.
A27: Drift monitor outlier, studentized residual | B27: 4 | G27: A drift monitor further than this from the line through the others, in units of their scatter, is flagged.
A28: Carryover: background rise after an oversized sample (mV) | B28: 2 | G28: Flags a position when one of the two before it is above the linearity range and its sample-peak background rose by more than this. Leave empty to skip the check.
A29: Uncertainty
A30: Sample repeatability, d15N (1 SD, permil) | G30: One analysis of one sample. Leave empty to use the pooled scatter of the anchor replicates in this run; better is the long-term SD of a matrix-matched in-house standard.
A31: Sample repeatability, d13C (1 SD, permil)
A32: Coverage factor k | B32: 2 | G32: Expanded uncertainty U = k x u. k = 2 is about 95 percent only when the replicates behind u are many; with a handful, take k from Student's t.
A34: Standards
A35: Accepted values below are the published USGS values as of 2026-09-16, and u is the 1-sigma uncertainty the producer lists. Check both against your certificates.
A36: Match text in Identifier 1 | B36: Role | C36: Accepted d13C | D36: Accepted d15N | E36: %C | F36: %N | G36: Material | H36: u(d13C) | I36: u(d15N)
A37: USGS 64 | B37: Anchor | C37: -40.81 | D37: 1.76 | E37: 32 | F37: 18.66 | G37: glycine | H37: 0.04 | I37: 0.06
A38: USGS 65 | B38: Anchor | C38: -20.29 | D38: 20.68 | E38: 32 | F38: 18.66 | G38: glycine | H38: 0.04 | I38: 0.06
A39: USGS 66 | B39: Check | C39: -0.67 | D39: 40.83 | E39: 32 | F39: 18.66 | G39: glycine | H39: 0.04 | I39: 0.06
A40: USGS 40 | B40: Check | C40: -26.39 | D40: -4.52 | E40: 40.82 | F40: 9.52 | G40: L-glutamic acid
A41: USGS 41a | B41: Check | C41: 36.55 | D41: 47.55 | E41: 40.82 | F41: 9.52 | G41: L-glutamic acid
A42: Ace Lin | B42: Linearity | E42: 71.09 | F42: 10.36 | G42: acetanilide, size series
A43: Ace Drift | B43: Drift | E43: 71.09 | F43: 10.36 | G43: acetanilide, drift monitor
A44: Ace Bypass | B44: Exclude | E44: 71.09 | F44: 10.36 | G44: bypass test
A45: Blank Capsule | B45: Blank | G45: tin capsule, nothing in it
A46: Blank Hole | B46: Exclude | G46: empty carousel position
A51: Constants
A52: Atomic mass C (g/mol) | B52: 12.011 | G52: IUPAC
A53: Atomic mass N (g/mol) | B53: 14.007 | G53: IUPAC

Sheet Work
A1: Work
A2: One row per autosampler position. Type sample masses in the yellow column F, in mg. Everything else is a formula. Grey columns are machinery.
A4: identification | E4: mass | H4: peak lookup | L4: as measured | S4: from the standards table | W4: nitrogen corrections | AB4: carbon corrections | AG4: elemental content | AM4: fit inputs and helpers, ignore | BI4: instrument settling | BK4: fit inputs and helpers, ignore | BS4: reference pulses | BX4: fit inputs and helpers, ignore | CL4: uncertainty, 1 SD and k x SD | CP4: fit inputs and helpers, ignore | DF4: chart feeds, ignore | EI4: carryover and settling helpers, ignore
A5: Row | B5: Identifier | C5: Std row | D5: Type | E5: Mass from export (mg) | F5: Mass entered (mg) | G5: Mass used (mg) | H5: peak N | I5: key N | J5: peak C | K5: key C | L5: Area 28 | M5: Ampl 28 | N5: BGD 28 | O5: d15N raw | P5: Area 44 | Q5: Ampl 44 | R5: d13C raw | S5: Accepted d15N | T5: Accepted d13C | U5: Certified %N | V5: Certified %C | W5: d15N blank-corr | X5: d15N linearity-corr | Y5: drift x (N) | Z5: d15N drift-corr | AA5: d15N calibrated | AB5: d13C blank-corr | AC5: d13C linearity-corr | AD5: drift x (C) | AE5: d13C drift-corr | AF5: d13C calibrated | AG5: ug N | AH5: ug C | AI5: %N | AJ5: %C | AK5: C:N molar | AL5: C:N mass | AM5: lin x N | AN5: lin y N | AO5: lin x C | AP5: lin y C | AQ5: drift x row | AR5: drift x bgd | AS5: drift y N | AT5: drift y C | AU5: cal x N | AV5: cal y N | AW5: cal x C | AX5: cal y C | AY5: kfit x N | AZ5: kfit y N | BA5: kfit x C | BB5: kfit y C | BC5: blank d15N | BD5: blank A28 | BE5: blank d13C | BF5: blank A44 | BG5: drift cal d15N | BH5: drift cal d13C | BI5: ref BGD 28 | BJ5: settling frac | BK5: drift x early | BL5: drift y early | BM5: drift x late | BN5: drift y late | BO5: stage raw | BP5: stage blank | BQ5: stage lin | BR5: stage drift | BS5: ref peak N | BT5: ref pulse d15N | BU5: ref flagged C | BV5: ref peak C | BW5: ref pulse d13C | BX5: excl N | BY5: excl C | BZ5: drift x N | CA5: drift x C | CB5: t drift N | CC5: t drift C | CD5: cal one N | CE5: cal dev N | CF5: cal res N | CG5: cal sq N | CH5: cal one C | CI5: cal dev C | CJ5: cal res C | CK5: cal sq C | CL5: u d15N | CM5: U d15N | CN5: u d13C | CO5: U d13C | CP5: settle streak | CQ5: ref x N | CR5: ref x C | CS5: match 1 | CT5: match 2 | CU5: match 3 | CV5: match 4 | CW5: match 5 | CX5: match 6 | CY5: match 7 | CZ5: match 8 | DA5: match 9 | DB5: match 10 | DC5: match 11 | DD5: match 12 | DE5: match 13 | DF5: ch pos | DG5: ch bgd | DH5: ch bgd sample | DI5: ch bgd monitor | DJ5: mon bgd | DK5: mon bgd x | DL5: ch lin x N | DM5: ch lin y N | DN5: ch samp x N | DO5: ch samp y N | DP5: ch drift used N | DQ5: ch drift out N | DR5: ch drift after N | DS5: ch cal y N | DT5: ch acc min N | DU5: ch acc max N | DV5: ch pulse N | DW5: ch lin x C | DX5: ch lin y C | DY5: ch samp x C | DZ5: ch samp y C | EA5: ch drift used C | EB5: ch drift out C | EC5: ch drift after C | ED5: ch cal y C | EE5: ch acc min C | EF5: ch acc max C | EG5: ch pulse C | EH5: ch carry | EI5: pos used | EJ5: oversized | EK5: exposed | EL5: carry ref | EM5: carry rise | EN5: carry flag | EO5: carry rank | EP5: after oversized | EQ5: ref first5 | ER5: settle start
A6: 1 | B6: =IFERROR(INDEX(Raw!$B$2:$B$1001,MATCH($A6,Raw!$A$2:$A$1001,0)),"") -> Blank Hole | C6: =IF($B6="","",MAX($CS6:$DE6)) -> 46 | D6: =IF($B6="","",IF($C6=0,"Sample",INDEX(Setup!$B$37:$B$49,$C6-36))) -> Exclude | E6: =IF($B6="","",IFERROR(IF(INDEX(Raw!$E$2:$E$1001,MATCH($A6,Raw!$A$2:$A$1001,0))=0,"",INDEX(Raw!$E$2:$E$1001,MATCH($A6,Raw!$A$2:$A$1001,0))),"")) | G6: =IF($B6="","",IF($F6<>"",$F6,IF($E6="","",$E6))) | H6: =IF($B6="","",SUMPRODUCT(MAX((Raw!$A$2:$A$1001=$A6)*(Raw!$R$2:$R$1001="N")*Raw!$D$2:$D$1001))) -> 3 | I6: =IF(OR($H6="",$H6=0),"",$A6&"|N|"&$H6) -> 1|N|3 | J6: =IF($B6="","",SUMPRODUCT(MIN((Raw!$A$2:$A$1001=$A6)*(Raw!$R$2:$R$1001="C")*Raw!$D$2:$D$1001+(1-(Raw!$A$2:$A$1001=$A6)*(Raw!$R$2:$R$1001="C"))*9999))) -> 4 | K6: =IF(OR($J6="",$J6=0,$J6=9999),"",$A6&"|C|"&$J6) -> 1|C|4 | L6: =IF($I6="","",IF(INDEX(Raw!$I$2:$I$1001,MATCH($I6,Raw!$S$2:$S$1001,0))<>0,"",INDEX(Raw!$H$2:$H$1001,MATCH($I6,Raw!$S$2:$S$1001,0)))) -> 6.018 | M6: =IF($I6="","",IF(INDEX(Raw!$I$2:$I$1001,MATCH($I6,Raw!$S$2:$S$1001,0))<>0,"",INDEX(Raw!$F$2:$F$1001,MATCH($I6,Raw!$S$2:$S$1001,0)))) -> 217 | N6: =IF($I6="","",IF(INDEX(Raw!$I$2:$I$1001,MATCH($I6,Raw!$S$2:$S$1001,0))<>0,"",INDEX(Raw!$G$2:$G$1001,MATCH($I6,Raw!$S$2:$S$1001,0)))) -> 38.6 | O6: =IF($I6="","",IF(INDEX(Raw!$I$2:$I$1001,MATCH($I6,Raw!$S$2:$S$1001,0))<>0,"",INDEX(Raw!$N$2:$N$1001,MATCH($I6,Raw!$S$2:$S$1001,0)))) -> 3.728 | P6: =IF($K6="","",IF(INDEX(Raw!$I$2:$I$1001,MATCH($K6,Raw!$S$2:$S$1001,0))<>0,"",INDEX(Raw!$K$2:$K$1001,MATCH($K6,Raw!$S$2:$S$1001,0)))) | Q6: =IF($K6="","",IF(INDEX(Raw!$I$2:$I$1001,MATCH($K6,Raw!$S$2:$S$1001,0))<>0,"",INDEX(Raw!$J$2:$J$1001,MATCH($K6,Raw!$S$2:$S$1001,0)))) | R6: =IF($K6="","",IF(INDEX(Raw!$I$2:$I$1001,MATCH($K6,Raw!$S$2:$S$1001,0))<>0,"",INDEX(Raw!$O$2:$O$1001,MATCH($K6,Raw!$S$2:$S$1001,0)))) | S6: =IF($B6="","",IF($C6=0,"",IF(INDEX(Setup!$D$37:$D$49,$C6-36)="","",INDEX(Setup!$D$37:$D$49,$C6-36)))) | T6: =IF($B6="","",IF($C6=0,"",IF(INDEX(Setup!$C$37:$C$49,$C6-36)="","",INDEX(Setup!$C$37:$C$49,$C6-36)))) | U6: =IF($B6="","",IF($C6=0,"",IF(INDEX(Setup!$F$37:$F$49,$C6-36)="","",INDEX(Setup!$F$37:$F$49,$C6-36)))) | V6: =IF($B6="","",IF($C6=0,"",IF(INDEX(Setup!$E$37:$E$49,$C6-36)="","",INDEX(Setup!$E$37:$E$49,$C6-36)))) | W6: =IF($O6="","",IF(OR(Fits!$C$5<>"Yes",$D6="Blank",$L6<=Fits!$B$6),$O6,($L6*$O6-Fits!$B$6*Fits!$B$7)/($L6-Fits!$B$6))) -> 3.728 | X6: =IF($W6="","",$W6-Fits!$B$20*($L6-Fits!$B$16)) -> 3.728 | Y6: =IF($W6="","",IF(OR(Fits!$B$38="Row",$BI6=""),$A6,$BI6)) -> 1 | Z6: =IF($X6="","",$X6-Fits!$B$39*($Y6-Fits!$B$40)) -> 3.2445113 | AA6: =IF(OR($Z6="",Fits!$B$55<2),"",Fits!$B$56*$Z6+Fits!$B$57) -> 4.3580771 | AB6: =IF($R6="","",IF(OR(Fits!$C$9<>"Yes",$D6="Blank",$P6<=Fits!$B$10),$R6,($P6*$R6-Fits!$B$10*Fits!$B$11)/($P6-Fits!$B$10))) | AC6: =IF($AB6="","",$AB6-Fits!$B$28*($P6-Fits!$B$24)) | AD6: =IF($AB6="","",IF(OR(Fits!$B$50="Row",$BI6=""),$A6,$BI6)) | AE6: =IF($AC6="","",$AC6-Fits!$B$51*($AD6-Fits!$B$52)) | AF6: =IF(OR($AE6="",Fits!$B$62<2),"",Fits!$B$63*$AE6+Fits!$B$64) | AG6: =IF(OR($L6="",Fits!$B$69<3),"",($L6-Fits!$B$71)/Fits!$B$70) -> 6.6623686 | AH6: =IF(OR($P6="",Fits!$B$75<3),"",($P6-Fits!$B$77)/Fits!$B$76) | AI6: =IF(OR($AG6="",$G6="",$G6=0),"",$AG6/($G6*1000)*100) | AJ6: =IF(OR($AH6="",$G6="",$G6=0),"",$AH6/($G6*1000)*100) | AK6: =IF(OR($AG6="",$AH6="",$AG6<=0),"",($AH6/Setup!$B$52)/($AG6/Setup!$B$53)) | AL6: =IF(OR($AG6="",$AH6="",$AG6<=0),"",$AH6/$AG6) | AM6: =IF($D6="Linearity",IF($L6="","",$L6),"") | AN6: =IF($D6="Linearity",IF($W6="","",$W6),"") | AO6: =IF($D6="Linearity",IF($P6="","",$P6),"") | AP6: =IF($D6="Linearity",IF($AB6="","",$AB6),"") | AQ6: =IF($D6="Drift",IF($A6<IF(Setup!$B$14="",0,Setup!$B$14),"",$A6),"") | AR6: =IF($D6="Drift",IF($A6<IF(Setup!$B$14="",0,Setup!$B$14),"",IF($BI6="","",$BI6)),"") | AS6: =IF($D6="Drift",IF($A6<IF(Setup!$B$14="",0,Setup!$B$14),"",IF(OR($X6="",$BX6=1),"",$X6)),"") | AT6: =IF($D6="Drift",IF($A6<IF(Setup!$B$14="",0,Setup!$B$14),"",IF(OR($AC6="",$BY6=1),"",$AC6)),"") | AU6: =IF($D6="Anchor",IF(OR($Z6="",$S6=""),"",$Z6),"") | AV6: =IF($D6="Anchor",IF(OR($Z6="",$S6=""),"",$S6),"") | AW6: =IF($D6="Anchor",IF(OR($AE6="",$T6=""),"",$AE6),"") | AX6: =IF($D6="Anchor",IF(OR($AE6="",$T6=""),"",$T6),"") | AY6: =IF(OR($D6="Blank",$D6="Exclude",$D6="Sample",$D6="",$G6="",$U6="",$L6=""),"",$G6*1000*$U6/100) | AZ6: =IF($AY6="","",$L6) | BA6: =IF(OR($D6="Blank",$D6="Exclude",$D6="Sample",$D6="",$G6="",$V6="",$P6=""),"",$G6*1000*$V6/100) | BB6: =IF($BA6="","",$P6) | BC6: =IF(AND($D6="Blank",$L6<>""),$O6,"") | BD6: =IF($BC6="","",$L6) | BE6: =IF(AND($D6="Blank",$P6<>""),$R6,"") | BF6: =IF($BE6="","",$P6) | BG6: =IF(AND($D6="Drift",$BX6<>1),IF($AA6="","",$AA6),"") | BH6: =IF(AND($D6="Drift",$BY6<>1),IF($AF6="","",$AF6),"") | BI6: =IF($B6="","",IFERROR(INDEX(Raw!$G$2:$G$1001,MATCH($A6&"|N|"&SUMPRODUCT(MAX((Raw!$A$2:$A$1001=$A6)*(Raw!$R$2:$R$1001="N")*(Raw!$I$2:$I$1001=1)*Raw!$D$2:$D$1001)),Raw!$S$2:$S$1001,0)),"")) -> 34.2 | BJ6: =IF(OR($BI6="",Fits!$B$85<=0),"",($BI6-Fits!$B$83)/Fits!$B$85) -> 1 | BK6: =IF($AS6="","",IF($A6>=Fits!$B$86,"",$A6)) | BL6: =IF($BK6="","",$X6) | BM6: =IF($AS6="","",IF($A6<Fits!$B$86,"",$A6)) | BN6: =IF($BM6="","",$X6) | BO6: =IF(AND($D6="Drift",$BX6<>1),IF($O6="","",$O6),"") | BP6: =IF(AND($D6="Drift",$BX6<>1),IF($W6="","",$W6),"") | BQ6: =IF(AND($D6="Drift",$BX6<>1),IF($X6="","",$X6),"") | BR6: =IF(AND($D6="Drift",$BX6<>1),IF($Z6="","",$Z6),"") | BS6: =IF(OR($B6="",$H6=""),"",SUMPRODUCT(MIN((Raw!$A$2:$A$1001=$A6)*(Raw!$R$2:$R$1001="N")*(Raw!$I$2:$I$1001=0)*(Raw!$D$2:$D$1001<$H6)*Raw!$D$2:$D$1001+(1-(Raw!$A$2:$A$1001=$A6)*(Raw!$R$2:$R$1001="N")*(Raw!$I$2:$I$1001=0)*(Raw!$D$2:$D$1001<$H6))*9999))) -> 1 | BT6: =IF(OR($BS6="",$BS6=9999,$BS6=0),"",IFERROR(INDEX(Raw!$N$2:$N$1001,MATCH($A6&"|N|"&$BS6,Raw!$S$2:$S$1001,0)),"")) -> -1.217 | BU6: =IF($B6="","",SUMPRODUCT(MIN((Raw!$A$2:$A$1001=$A6)*(Raw!$R$2:$R$1001="C")*(Raw!$I$2:$I$1001=1)*Raw!$D$2:$D$1001+(1-(Raw!$A$2:$A$1001=$A6)*(Raw!$R$2:$R$1001="C")*(Raw!$I$2:$I$1001=1))*9999))) -> 4 | BV6: =IF(OR($BU6="",$BU6=9999),"",SUMPRODUCT(MIN((Raw!$A$2:$A$1001=$A6)*(Raw!$R$2:$R$1001="C")*(Raw!$I$2:$I$1001=0)*(Raw!$D$2:$D$1001>$BU6)*Raw!$D$2:$D$1001+(1-(Raw!$A$2:$A$1001=$A6)*(Raw!$R$2:$R$1001="C")*(Raw!$I$2:$I$1001=0)*(Raw!$D$2:$D$1001>$BU6))*9999))) -> 5 | BW6: =IF(OR($BV6="",$BV6=9999,$BV6=0),"",IFERROR(INDEX(Raw!$O$2:$O$1001,MATCH($A6&"|C|"&$BV6,Raw!$S$2:$S$1001,0)),"")) -> -25.736 | BX6: =IF($B6="","",IF(ISNUMBER(SEARCH(","&$A6&",",","&SUBSTITUTE(Setup!$B$16," ","")&",")),1,0)) -> 0 | BY6: =IF($B6="","",IF(ISNUMBER(SEARCH(","&$A6&",",","&SUBSTITUTE(Setup!$B$17," ","")&",")),1,0)) -> 0 | BZ6: =IF($AS6="","",IF(Fits!$B$38="Row",$AQ6,IF($AR6="","",$AR6))) | CA6: =IF($AT6="","",IF(Fits!$B$50="Row",$AQ6,IF($AR6="","",$AR6))) | CB6: =IF(OR($D6<>"Drift",$X6="",$A6<IF(Setup!$B$14="",0,Setup!$B$14),Fits!$B$107<3,Fits!$B$110="",Fits!$B$109=0,IF(Fits!$B$38="Row",$AQ6,$AR6)=""),"",IF($BX6=1,IF(OR(Fits!$B$111="",Fits!$B$111=0),"",($X6-(IF(Fits!$B$38="Row",Fits!$B$32,Fits!$B$35)*IF(Fits!$B$38="Row",$AQ6,$AR6)+Fits!$B$110))/(Fits!$B$111*SQRT(1+(1/Fits!$B$107+(IF(Fits!$B$38="Row",$AQ6,$AR6)-Fits!$B$108)^2/Fits!$B$109)))),IF(OR(Fits!$B$107<4,(1/Fits!$B$107+(IF(Fits!$B$38="Row",$AQ6,$AR6)-Fits!$B$108)^2/Fits!$B$109)>=1),"",IF((Fits!$B$116-($X6-(IF(Fits!$B$38="Row",Fits!$B$32,Fits!$B$35)*IF(Fits!$B$38="Row",$AQ6,$AR6)+Fits!$B$110))^2/(1-(1/Fits!$B$107+(IF(Fits!$B$38="Row",$AQ6,$AR6)-Fits!$B$108)^2/Fits!$B$109)))<=0,"",($X6-(IF(Fits!$B$38="Row",Fits!$B$32,Fits!$B$35)*IF(Fits!$B$38="Row",$AQ6,$AR6)+Fits!$B$110))/(SQRT((Fits!$B$116-($X6-(IF(Fits!$B$38="Row",Fits!$B$32,Fits!$B$35)*IF(Fits!$B$38="Row",$AQ6,$AR6)+Fits!$B$110))^2/(1-(1/Fits!$B$107+(IF(Fits!$B$38="Row",$AQ6,$AR6)-Fits!$B$108)^2/Fits!$B$109)))/(Fits!$B$107-3))*SQRT(1-(1/Fits!$B$107+(IF(Fits!$B$38="Row",$AQ6,$AR6)-Fits!$B$108)^2/Fits!$B$109))))))) | CC6: =IF(OR($D6<>"Drift",$AC6="",$A6<IF(Setup!$B$14="",0,Setup!$B$14),Fits!$B$120<3,Fits!$B$123="",Fits!$B$122=0,IF(Fits!$B$50="Row",$AQ6,$AR6)=""),"",IF($BY6=1,IF(OR(Fits!$B$124="",Fits!$B$124=0),"",($AC6-(IF(Fits!$B$50="Row",Fits!$B$44,Fits!$B$47)*IF(Fits!$B$50="Row",$AQ6,$AR6)+Fits!$B$123))/(Fits!$B$124*SQRT(1+(1/Fits!$B$120+(IF(Fits!$B$50="Row",$AQ6,$AR6)-Fits!$B$121)^2/Fits!$B$122)))),IF(OR(Fits!$B$120<4,(1/Fits!$B$120+(IF(Fits!$B$50="Row",$AQ6,$AR6)-Fits!$B$121)^2/Fits!$B$122)>=1),"",IF((Fits!$B$129-($AC6-(IF(Fits!$B$50="Row",Fits!$B$44,Fits!$B$47)*IF(Fits!$B$50="Row",$AQ6,$AR6)+Fits!$B$123))^2/(1-(1/Fits!$B$120+(IF(Fits!$B$50="Row",$AQ6,$AR6)-Fits!$B$121)^2/Fits!$B$122)))<=0,"",($AC6-(IF(Fits!$B$50="Row",Fits!$B$44,Fits!$B$47)*IF(Fits!$B$50="Row",$AQ6,$AR6)+Fits!$B$123))/(SQRT((Fits!$B$129-($AC6-(IF(Fits!$B$50="Row",Fits!$B$44,Fits!$B$47)*IF(Fits!$B$50="Row",$AQ6,$AR6)+Fits!$B$123))^2/(1-(1/Fits!$B$120+(IF(Fits!$B$50="Row",$AQ6,$AR6)-Fits!$B$121)^2/Fits!$B$122)))/(Fits!$B$120-3))*SQRT(1-(1/Fits!$B$120+(IF(Fits!$B$50="Row",$AQ6,$AR6)-Fits!$B$121)^2/Fits!$B$122))))))) | CD6: =IF($AU6="","",1) | CE6: =IF($AU6="","",$AU6-Fits!$B$133) | CF6: =IF($AU6="","",($AV6-(Fits!$B$56*$AU6+Fits!$B$57))-Fits!$B$56*($AU6-Fits!$B$133)) | CG6: =IF($AU6="","",$AU6^2) | CH6: =IF($AW6="","",1) | CI6: =IF($AW6="","",$AW6-Fits!$B$153) | CJ6: =IF($AW6="","",($AX6-(Fits!$B$63*$AW6+Fits!$B$64))-Fits!$B$63*($AW6-Fits!$B$153)) | CK6: =IF($AW6="","",$AW6^2) | CL6: =IF(OR($Z6="",Fits!$B$55<3,Fits!$B$133="",Fits!$B$134="",Fits!$B$134=0,Fits!$B$136=""),"",SQRT((Fits!$B$136*Fits!$B$56)^2+SUMPRODUCT((Fits!$J$163:$J$175*(Fits!$B$163:$B$175/Fits!$B$55+Fits!$H$163:$H$175*($Z6-Fits!$B$133)/Fits!$B$134))^2)+SUMPRODUCT((Fits!$G$163:$G$175*(($Z6-Fits!$B$133)*Fits!$I$163:$I$175/Fits!$B$134-Fits!$B$163:$B$175*Fits!$B$56/Fits!$B$55))^2))) -> 0.20924701 | CM6: =IF($CL6="","",Setup!$B$32*$CL6) -> 0.41849402 | CN6: =IF(OR($AE6="",Fits!$B$62<3,Fits!$B$153="",Fits!$B$154="",Fits!$B$154=0,Fits!$B$156=""),"",SQRT((Fits!$B$156*Fits!$B$63)^2+SUMPRODUCT((Fits!$J$183:$J$195*(Fits!$B$183:$B$195/Fits!$B$62+Fits!$H$183:$H$195*($AE6-Fits!$B$153)/Fits!$B$154))^2)+SUMPRODUCT((Fits!$G$183:$G$195*(($AE6-Fits!$B$153)*Fits!$I$183:$I$195/Fits!$B$154-Fits!$B$183:$B$195*Fits!$B$63/Fits!$B$62))^2))) | CO6: =IF($CN6="","",Setup!$B$32*$CN6) | CP6: =IF(OR(NOT(ISNUMBER($BJ6)),$EK6=1),0,IF($BJ6<=Setup!$B$26,1,0)) -> 0 | CQ6: =IF($BT6="","",$A6) -> 1 | CR6: =IF($BW6="","",$A6) -> 1 | CS6: =IF($B6="","",IF(Setup!$A$37="",0,IF(ISNUMBER(SEARCH(Setup!$A$37,$B6)),37,0))) -> 0 | CT6: =IF($B6="","",IF(Setup!$A$38="",0,IF(ISNUMBER(SEARCH(Setup!$A$38,$B6)),38,0))) -> 0 | CU6: =IF($B6="","",IF(Setup!$A$39="",0,IF(ISNUMBER(SEARCH(Setup!$A$39,$B6)),39,0))) -> 0 | CV6: =IF($B6="","",IF(Setup!$A$40="",0,IF(ISNUMBER(SEARCH(Setup!$A$40,$B6)),40,0))) -> 0 | CW6: =IF($B6="","",IF(Setup!$A$41="",0,IF(ISNUMBER(SEARCH(Setup!$A$41,$B6)),41,0))) -> 0 | CX6: =IF($B6="","",IF(Setup!$A$42="",0,IF(ISNUMBER(SEARCH(Setup!$A$42,$B6)),42,0))) -> 0 | CY6: =IF($B6="","",IF(Setup!$A$43="",0,IF(ISNUMBER(SEARCH(Setup!$A$43,$B6)),43,0))) -> 0 | CZ6: =IF($B6="","",IF(Setup!$A$44="",0,IF(ISNUMBER(SEARCH(Setup!$A$44,$B6)),44,0))) -> 0 | DA6: =IF($B6="","",IF(Setup!$A$45="",0,IF(ISNUMBER(SEARCH(Setup!$A$45,$B6)),45,0))) -> 0 | DB6: =IF($B6="","",IF(Setup!$A$46="",0,IF(ISNUMBER(SEARCH(Setup!$A$46,$B6)),46,0))) -> 46 | DC6: =IF($B6="","",IF(Setup!$A$47="",0,IF(ISNUMBER(SEARCH(Setup!$A$47,$B6)),47,0))) -> 0 | DD6: =IF($B6="","",IF(Setup!$A$48="",0,IF(ISNUMBER(SEARCH(Setup!$A$48,$B6)),48,0))) -> 0 | DE6: =IF($B6="","",IF(Setup!$A$49="",0,IF(ISNUMBER(SEARCH(Setup!$A$49,$B6)),49,0))) -> 0 | DF6: =IF($B6="",NA(),$A6) -> 1 | DG6: =IF($BI6="",NA(),$BI6) -> 34.2 | DH6: =IF($N6="",NA(),$N6) -> 38.6 | DI6: =IF(AND($D6="Drift",$N6<>""),$N6,NA()) -> #N/A | DJ6: =IF(AND($D6="Drift",$N6<>""),$N6,"") | DK6: =IF($DJ6="","",$A6) | DL6: =IF($AN6="",NA(),$AM6) -> #N/A | DM6: =IF($AN6="",NA(),$AN6) -> #N/A | DN6: =IF(AND($D6="Sample",$L6<>""),$L6,NA()) -> #N/A | DO6: =IF(AND($D6="Sample",$L6<>"",Fits!$B$98<>""),Fits!$B$98,NA()) -> #N/A | DP6: =IF($AS6="",NA(),$AS6) -> #N/A | DQ6: =IF(AND($D6="Drift",$AS6="",$X6<>""),$X6,NA()) -> #N/A | DR6: =IF(AND($D6="Drift",$Z6<>""),$Z6,NA()) -> #N/A | DS6: =IF(AND(OR($D6="Sample",$D6="Check"),$AA6<>""),$AA6,NA()) -> #N/A | DT6: =IF(OR($B6="",Fits!$B$138=""),NA(),Fits!$B$138) -> 1.76 | DU6: =IF(OR($B6="",Fits!$B$139=""),NA(),Fits!$B$139) -> 20.68 | DV6: =IF($BT6="",NA(),$BT6) -> -1.217 | DW6: =IF($AP6="",NA(),$AO6) -> #N/A | DX6: =IF($AP6="",NA(),$AP6) -> #N/A | DY6: =IF(AND($D6="Sample",$P6<>""),$P6,NA()) -> #N/A | DZ6: =IF(AND($D6="Sample",$P6<>"",Fits!$B$105<>""),Fits!$B$105,NA()) -> #N/A | EA6: =IF($AT6="",NA(),$AT6) -> #N/A | EB6: =IF(AND($D6="Drift",$AT6="",$AC6<>""),$AC6,NA()) -> #N/A | EC6: =IF(AND($D6="Drift",$AE6<>""),$AE6,NA()) -> #N/A | ED6: =IF(AND(OR($D6="Sample",$D6="Check"),$AF6<>""),$AF6,NA()) -> #N/A | EE6: =IF(OR($B6="",Fits!$B$158=""),NA(),Fits!$B$158) -> -40.81 | EF6: =IF(OR($B6="",Fits!$B$159=""),NA(),Fits!$B$159) -> -20.29 | EG6: =IF($BW6="",NA(),$BW6) -> -25.736 | EH6: =IF(AND($EN6=1,ISNUMBER($N6)),$N6,NA()) -> #N/A | EI6: =IF($B6="","",$A6) -> 1 | EJ6: =IF(OR(AND(ISNUMBER($L6),Fits!$B$97>0,$L6>Fits!$B$97),AND(ISNUMBER($P6),Fits!$B$104>0,$P6>Fits!$B$104)),1,0) -> 0 | EK6: 0 | EL6: =IF(AND($EK6=0,ISNUMBER($N6)),$N6,"") -> 38.6 | EM6: =IF(AND($EK6=1,ISNUMBER($N6),ISNUMBER($EL6)),$N6-$EL6,"") | EN6: =IF(Setup!$B$28="",0,IF(ISNUMBER($EM6),IF($EM6>Setup!$B$28,1,0),0)) -> 0 | EO6: =IF($EN6=1,COUNTIF($EN$6:$EN6,1),"") | EP6: 0 | EQ6: =IF(ISNUMBER($BI6),IF(COUNT($BI$6:$BI6)<=5,$BI6,""),"") -> 34.2 | ER6: =IF(OR(NOT(ISNUMBER($BJ6)),$EK6=1),"",IF($BJ6<=Setup!$B$26,$A6,""))
A7: 2 | B7: =IFERROR(INDEX(Raw!$B$2:$B$1001,MATCH($A7,Raw!$A$2:$A$1001,0)),"") -> Ace Bypass | C7: =IF($B7="","",MAX($CS7:$DE7)) -> 44 | D7: =IF($B7="","",IF($C7=0,"Sample",INDEX(Setup!$B$37:$B$49,$C7-36))) -> Exclude | E7: =IF($B7="","",IFERROR(IF(INDEX(Raw!$E$2:$E$1001,MATCH($A7,Raw!$A$2:$A$1001,0))=0,"",INDEX(Raw!$E$2:$E$1001,MATCH($A7,Raw!$A$2:$A$1001,0))),"")) -> 1.131 | G7: =IF($B7="","",IF($F7<>"",$F7,IF($E7="","",$E7))) -> 1.131 | H7: =IF($B7="","",SUMPRODUCT(MAX((Raw!$A$2:$A$1001=$A7)*(Raw!$R$2:$R$1001="N")*Raw!$D$2:$D$1001))) -> 3 | I7: =IF(OR($H7="",$H7=0),"",$A7&"|N|"&$H7) -> 2|N|3 | J7: =IF($B7="","",SUMPRODUCT(MIN((Raw!$A$2:$A$1001=$A7)*(Raw!$R$2:$R$1001="C")*Raw!$D$2:$D$1001+(1-(Raw!$A$2:$A$1001=$A7)*(Raw!$R$2:$R$1001="C"))*9999))) -> 4 | K7: =IF(OR($J7="",$J7=0,$J7=9999),"",$A7&"|C|"&$J7) -> 2|C|4 | L7: =IF($I7="","",IF(INDEX(Raw!$I$2:$I$1001,MATCH($I7,Raw!$S$2:$S$1001,0))<>0,"",INDEX(Raw!$H$2:$H$1001,MATCH($I7,Raw!$S$2:$S$1001,0)))) -> 79.936 | M7: =IF($I7="","",IF(INDEX(Raw!$I$2:$I$1001,MATCH($I7,Raw!$S$2:$S$1001,0))<>0,"",INDEX(Raw!$F$2:$F$1001,MATCH($I7,Raw!$S$2:$S$1001,0)))) -> 4689 | N7: =IF($I7="","",IF(INDEX(Raw!$I$2:$I$1001,MATCH($I7,Raw!$S$2:$S$1001,0))<>0,"",INDEX(Raw!$G$2:$G$1001,MATCH($I7,Raw!$S$2:$S$1001,0)))) -> 37.2 | O7: =IF($I7="","",IF(INDEX(Raw!$I$2:$I$1001,MATCH($I7,Raw!$S$2:$S$1001,0))<>0,"",INDEX(Raw!$N$2:$N$1001,MATCH($I7,Raw!$S$2:$S$1001,0)))) -> -4.989 | P7: =IF($K7="","",IF(INDEX(Raw!$I$2:$I$1001,MATCH($K7,Raw!$S$2:$S$1001,0))<>0,"",INDEX(Raw!$K$2:$K$1001,MATCH($K7,Raw!$S$2:$S$1001,0)))) -> 362.648 | Q7: =IF($K7="","",IF(INDEX(Raw!$I$2:$I$1001,MATCH($K7,Raw!$S$2:$S$1001,0))<>0,"",INDEX(Raw!$J$2:$J$1001,MATCH($K7,Raw!$S$2:$S$1001,0)))) -> 14212 | R7: =IF($K7="","",IF(INDEX(Raw!$I$2:$I$1001,MATCH($K7,Raw!$S$2:$S$1001,0))<>0,"",INDEX(Raw!$O$2:$O$1001,MATCH($K7,Raw!$S$2:$S$1001,0)))) -> -9.107 | S7: =IF($B7="","",IF($C7=0,"",IF(INDEX(Setup!$D$37:$D$49,$C7-36)="","",INDEX(Setup!$D$37:$D$49,$C7-36)))) | T7: =IF($B7="","",IF($C7=0,"",IF(INDEX(Setup!$C$37:$C$49,$C7-36)="","",INDEX(Setup!$C$37:$C$49,$C7-36)))) | U7: =IF($B7="","",IF($C7=0,"",IF(INDEX(Setup!$F$37:$F$49,$C7-36)="","",INDEX(Setup!$F$37:$F$49,$C7-36)))) -> 10.36 | V7: =IF($B7="","",IF($C7=0,"",IF(INDEX(Setup!$E$37:$E$49,$C7-36)="","",INDEX(Setup!$E$37:$E$49,$C7-36)))) -> 71.09 | W7: =IF($O7="","",IF(OR(Fits!$C$5<>"Yes",$D7="Blank",$L7<=Fits!$B$6),$O7,($L7*$O7-Fits!$B$6*Fits!$B$7)/($L7-Fits!$B$6))) -> -4.989 | X7: =IF($W7="","",$W7-Fits!$B$20*($L7-Fits!$B$16)) -> -4.989 | Y7: =IF($W7="","",IF(OR(Fits!$B$38="Row",$BI7=""),$A7,$BI7)) -> 2 | Z7: =IF($X7="","",$X7-Fits!$B$39*($Y7-Fits!$B$40)) -> -5.4577343 | AA7: =IF(OR($Z7="",Fits!$B$55<2),"",Fits!$B$56*$Z7+Fits!$B$57) -> -4.5756287 | AB7: =IF($R7="","",IF(OR(Fits!$C$9<>"Yes",$D7="Blank",$P7<=Fits!$B$10),$R7,($P7*$R7-Fits!$B$10*Fits!$B$11)/($P7-Fits!$B$10))) -> -9.107 | AC7: =IF($AB7="","",$AB7-Fits!$B$28*($P7-Fits!$B$24)) -> -9.5143429 | AD7: =IF($AB7="","",IF(OR(Fits!$B$50="Row",$BI7=""),$A7,$BI7)) -> 2 | AE7: =IF($AC7="","",$AC7-Fits!$B$51*($AD7-Fits!$B$52)) -> -9.431817 | AF7: =IF(OR($AE7="",Fits!$B$62<2),"",Fits!$B$63*$AE7+Fits!$B$64) -> -26.557524 | AG7: =IF(OR($L7="",Fits!$B$69<3),"",($L7-Fits!$B$71)/Fits!$B$70) -> 128.76813 | AH7: =IF(OR($P7="",Fits!$B$75<3),"",($P7-Fits!$B$77)/Fits!$B$76) -> 822.00546 | AI7: =IF(OR($AG7="",$G7="",$G7=0),"",$AG7/($G7*1000)*100) -> 11.385334 | AJ7: =IF(OR($AH7="",$G7="",$G7=0),"",$AH7/($G7*1000)*100) -> 72.679527 | AK7: =IF(OR($AG7="",$AH7="",$AG7<=0),"",($AH7/Setup!$B$52)/($AG7/Setup!$B$53)) -> 7.444444 | AL7: =IF(OR($AG7="",$AH7="",$AG7<=0),"",$AH7/$AG7) -> 6.3836094 | AM7: =IF($D7="Linearity",IF($L7="","",$L7),"") | AN7: =IF($D7="Linearity",IF($W7="","",$W7),"") | AO7: =IF($D7="Linearity",IF($P7="","",$P7),"") | AP7: =IF($D7="Linearity",IF($AB7="","",$AB7),"") | AQ7: =IF($D7="Drift",IF($A7<IF(Setup!$B$14="",0,Setup!$B$14),"",$A7),"") | AR7: =IF($D7="Drift",IF($A7<IF(Setup!$B$14="",0,Setup!$B$14),"",IF($BI7="","",$BI7)),"") | AS7: =IF($D7="Drift",IF($A7<IF(Setup!$B$14="",0,Setup!$B$14),"",IF(OR($X7="",$BX7=1),"",$X7)),"") | AT7: =IF($D7="Drift",IF($A7<IF(Setup!$B$14="",0,Setup!$B$14),"",IF(OR($AC7="",$BY7=1),"",$AC7)),"") | AU7: =IF($D7="Anchor",IF(OR($Z7="",$S7=""),"",$Z7),"") | AV7: =IF($D7="Anchor",IF(OR($Z7="",$S7=""),"",$S7),"") | AW7: =IF($D7="Anchor",IF(OR($AE7="",$T7=""),"",$AE7),"") | AX7: =IF($D7="Anchor",IF(OR($AE7="",$T7=""),"",$T7),"") | AY7: =IF(OR($D7="Blank",$D7="Exclude",$D7="Sample",$D7="",$G7="",$U7="",$L7=""),"",$G7*1000*$U7/100) | AZ7: =IF($AY7="","",$L7) | BA7: =IF(OR($D7="Blank",$D7="Exclude",$D7="Sample",$D7="",$G7="",$V7="",$P7=""),"",$G7*1000*$V7/100) | BB7: =IF($BA7="","",$P7) | BC7: =IF(AND($D7="Blank",$L7<>""),$O7,"") | BD7: =IF($BC7="","",$L7) | BE7: =IF(AND($D7="Blank",$P7<>""),$R7,"") | BF7: =IF($BE7="","",$P7) | BG7: =IF(AND($D7="Drift",$BX7<>1),IF($AA7="","",$AA7),"") | BH7: =IF(AND($D7="Drift",$BY7<>1),IF($AF7="","",$AF7),"") | BI7: =IF($B7="","",IFERROR(INDEX(Raw!$G$2:$G$1001,MATCH($A7&"|N|"&SUMPRODUCT(MAX((Raw!$A$2:$A$1001=$A7)*(Raw!$R$2:$R$1001="N")*(Raw!$I$2:$I$1001=1)*Raw!$D$2:$D$1001)),Raw!$S$2:$S$1001,0)),"")) -> 33.2 | BJ7: =IF(OR($BI7="",Fits!$B$85<=0),"",($BI7-Fits!$B$83)/Fits!$B$85) -> 0.90990991 | BK7: =IF($AS7="","",IF($A7>=Fits!$B$86,"",$A7)) | BL7: =IF($BK7="","",$X7) | BM7: =IF($AS7="","",IF($A7<Fits!$B$86,"",$A7)) | BN7: =IF($BM7="","",$X7) | BO7: =IF(AND($D7="Drift",$BX7<>1),IF($O7="","",$O7),"") | BP7: =IF(AND($D7="Drift",$BX7<>1),IF($W7="","",$W7),"") | BQ7: =IF(AND($D7="Drift",$BX7<>1),IF($X7="","",$X7),"") | BR7: =IF(AND($D7="Drift",$BX7<>1),IF($Z7="","",$Z7),"") | BS7: =IF(OR($B7="",$H7=""),"",SUMPRODUCT(MIN((Raw!$A$2:$A$1001=$A7)*(Raw!$R$2:$R$1001="N")*(Raw!$I$2:$I$1001=0)*(Raw!$D$2:$D$1001<$H7)*Raw!$D$2:$D$1001+(1-(Raw!$A$2:$A$1001=$A7)*(Raw!$R$2:$R$1001="N")*(Raw!$I$2:$I$1001=0)*(Raw!$D$2:$D$1001<$H7))*9999))) -> 1 | BT7: =IF(OR($BS7="",$BS7=9999,$BS7=0),"",IFERROR(INDEX(Raw!$N$2:$N$1001,MATCH($A7&"|N|"&$BS7,Raw!$S$2:$S$1001,0)),"")) -> -1.139 | BU7: =IF($B7="","",SUMPRODUCT(MIN((Raw!$A$2:$A$1001=$A7)*(Raw!$R$2:$R$1001="C")*(Raw!$I$2:$I$1001=1)*Raw!$D$2:$D$1001+(1-(Raw!$A$2:$A$1001=$A7)*(Raw!$R$2:$R$1001="C")*(Raw!$I$2:$I$1001=1))*9999))) -> 5 | BV7: =IF(OR($BU7="",$BU7=9999),"",SUMPRODUCT(MIN((Raw!$A$2:$A$1001=$A7)*(Raw!$R$2:$R$1001="C")*(Raw!$I$2:$I$1001=0)*(Raw!$D$2:$D$1001>$BU7)*Raw!$D$2:$D$1001+(1-(Raw!$A$2:$A$1001=$A7)*(Raw!$R$2:$R$1001="C")*(Raw!$I$2:$I$1001=0)*(Raw!$D$2:$D$1001>$BU7))*9999))) -> 6 | BW7: =IF(OR($BV7="",$BV7=9999,$BV7=0),"",IFERROR(INDEX(Raw!$O$2:$O$1001,MATCH($A7&"|C|"&$BV7,Raw!$S$2:$S$1001,0)),"")) -> -25.353 | BX7: =IF($B7="","",IF(ISNUMBER(SEARCH(","&$A7&",",","&SUBSTITUTE(Setup!$B$16," ","")&",")),1,0)) -> 0 | BY7: =IF($B7="","",IF(ISNUMBER(SEARCH(","&$A7&",",","&SUBSTITUTE(Setup!$B$17," ","")&",")),1,0)) -> 0 | BZ7: =IF($AS7="","",IF(Fits!$B$38="Row",$AQ7,IF($AR7="","",$AR7))) | CA7: =IF($AT7="","",IF(Fits!$B$50="Row",$AQ7,IF($AR7="","",$AR7))) | CB7: =IF(OR($D7<>"Drift",$X7="",$A7<IF(Setup!$B$14="",0,Setup!$B$14),Fits!$B$107<3,Fits!$B$110="",Fits!$B$109=0,IF(Fits!$B$38="Row",$AQ7,$AR7)=""),"",IF($BX7=1,IF(OR(Fits!$B$111="",Fits!$B$111=0),"",($X7-(IF(Fits!$B$38="Row",Fits!$B$32,Fits!$B$35)*IF(Fits!$B$38="Row",$AQ7,$AR7)+Fits!$B$110))/(Fits!$B$111*SQRT(1+(1/Fits!$B$107+(IF(Fits!$B$38="Row",$AQ7,$AR7)-Fits!$B$108)^2/Fits!$B$109)))),IF(OR(Fits!$B$107<4,(1/Fits!$B$107+(IF(Fits!$B$38="Row",$AQ7,$AR7)-Fits!$B$108)^2/Fits!$B$109)>=1),"",IF((Fits!$B$116-($X7-(IF(Fits!$B$38="Row",Fits!$B$32,Fits!$B$35)*IF(Fits!$B$38="Row",$AQ7,$AR7)+Fits!$B$110))^2/(1-(1/Fits!$B$107+(IF(Fits!$B$38="Row",$AQ7,$AR7)-Fits!$B$108)^2/Fits!$B$109)))<=0,"",($X7-(IF(Fits!$B$38="Row",Fits!$B$32,Fits!$B$35)*IF(Fits!$B$38="Row",$AQ7,$AR7)+Fits!$B$110))/(SQRT((Fits!$B$116-($X7-(IF(Fits!$B$38="Row",Fits!$B$32,Fits!$B$35)*IF(Fits!$B$38="Row",$AQ7,$AR7)+Fits!$B$110))^2/(1-(1/Fits!$B$107+(IF(Fits!$B$38="Row",$AQ7,$AR7)-Fits!$B$108)^2/Fits!$B$109)))/(Fits!$B$107-3))*SQRT(1-(1/Fits!$B$107+(IF(Fits!$B$38="Row",$AQ7,$AR7)-Fits!$B$108)^2/Fits!$B$109))))))) | CC7: =IF(OR($D7<>"Drift",$AC7="",$A7<IF(Setup!$B$14="",0,Setup!$B$14),Fits!$B$120<3,Fits!$B$123="",Fits!$B$122=0,IF(Fits!$B$50="Row",$AQ7,$AR7)=""),"",IF($BY7=1,IF(OR(Fits!$B$124="",Fits!$B$124=0),"",($AC7-(IF(Fits!$B$50="Row",Fits!$B$44,Fits!$B$47)*IF(Fits!$B$50="Row",$AQ7,$AR7)+Fits!$B$123))/(Fits!$B$124*SQRT(1+(1/Fits!$B$120+(IF(Fits!$B$50="Row",$AQ7,$AR7)-Fits!$B$121)^2/Fits!$B$122)))),IF(OR(Fits!$B$120<4,(1/Fits!$B$120+(IF(Fits!$B$50="Row",$AQ7,$AR7)-Fits!$B$121)^2/Fits!$B$122)>=1),"",IF((Fits!$B$129-($AC7-(IF(Fits!$B$50="Row",Fits!$B$44,Fits!$B$47)*IF(Fits!$B$50="Row",$AQ7,$AR7)+Fits!$B$123))^2/(1-(1/Fits!$B$120+(IF(Fits!$B$50="Row",$AQ7,$AR7)-Fits!$B$121)^2/Fits!$B$122)))<=0,"",($AC7-(IF(Fits!$B$50="Row",Fits!$B$44,Fits!$B$47)*IF(Fits!$B$50="Row",$AQ7,$AR7)+Fits!$B$123))/(SQRT((Fits!$B$129-($AC7-(IF(Fits!$B$50="Row",Fits!$B$44,Fits!$B$47)*IF(Fits!$B$50="Row",$AQ7,$AR7)+Fits!$B$123))^2/(1-(1/Fits!$B$120+(IF(Fits!$B$50="Row",$AQ7,$AR7)-Fits!$B$121)^2/Fits!$B$122)))/(Fits!$B$120-3))*SQRT(1-(1/Fits!$B$120+(IF(Fits!$B$50="Row",$AQ7,$AR7)-Fits!$B$121)^2/Fits!$B$122))))))) | CD7: =IF($AU7="","",1) | CE7: =IF($AU7="","",$AU7-Fits!$B$133) | CF7: =IF($AU7="","",($AV7-(Fits!$B$56*$AU7+Fits!$B$57))-Fits!$B$56*($AU7-Fits!$B$133)) | CG7: =IF($AU7="","",$AU7^2) | CH7: =IF($AW7="","",1) | CI7: =IF($AW7="","",$AW7-Fits!$B$153) | CJ7: =IF($AW7="","",($AX7-(Fits!$B$63*$AW7+Fits!$B$64))-Fits!$B$63*($AW7-Fits!$B$153)) | CK7: =IF($AW7="","",$AW7^2) | CL7: =IF(OR($Z7="",Fits!$B$55<3,Fits!$B$133="",Fits!$B$134="",Fits!$B$134=0,Fits!$B$136=""),"",SQRT((Fits!$B$136*Fits!$B$56)^2+SUMPRODUCT((Fits!$J$163:$J$175*(Fits!$B$163:$B$175/Fits!$B$55+Fits!$H$163:$H$175*($Z7-Fits!$B$133)/Fits!$B$134))^2)+SUMPRODUCT((Fits!$G$163:$G$175*(($Z7-Fits!$B$133)*Fits!$I$163:$I$175/Fits!$B$134-Fits!$B$163:$B$175*Fits!$B$56/Fits!$B$55))^2))) -> 0.25209391 | CM7: =IF($CL7="","",Setup!$B$32*$CL7) -> 0.50418781 | CN7: =IF(OR($AE7="",Fits!$B$62<3,Fits!$B$153="",Fits!$B$154="",Fits!$B$154=0,Fits!$B$156=""),"",SQRT((Fits!$B$156*Fits!$B$63)^2+SUMPRODUCT((Fits!$J$183:$J$195*(Fits!$B$183:$B$195/Fits!$B$62+Fits!$H$183:$H$195*($AE7-Fits!$B$153)/Fits!$B$154))^2)+SUMPRODUCT((Fits!$G$183:$G$195*(($AE7-Fits!$B$153)*Fits!$I$183:$I$195/Fits!$B$154-Fits!$B$183:$B$195*Fits!$B$63/Fits!$B$62))^2))) -> 0.037930234 | CO7: =IF($CN7="","",Setup!$B$32*$CN7) -> 0.075860468 | CP7: =IF(OR(NOT(ISNUMBER($BJ7)),$EK7=1),$CP6,IF($BJ7<=Setup!$B$26,$CP6+1,0)) -> 0 | CQ7: =IF($BT7="","",$A7) -> 2 | CR7: =IF($BW7="","",$A7) -> 2 | CS7: =IF($B7="","",IF(Setup!$A$37="",0,IF(ISNUMBER(SEARCH(Setup!$A$37,$B7)),37,0))) -> 0 | CT7: =IF($B7="","",IF(Setup!$A$38="",0,IF(ISNUMBER(SEARCH(Setup!$A$38,$B7)),38,0))) -> 0 | CU7: =IF($B7="","",IF(Setup!$A$39="",0,IF(ISNUMBER(SEARCH(Setup!$A$39,$B7)),39,0))) -> 0 | CV7: =IF($B7="","",IF(Setup!$A$40="",0,IF(ISNUMBER(SEARCH(Setup!$A$40,$B7)),40,0))) -> 0 | CW7: =IF($B7="","",IF(Setup!$A$41="",0,IF(ISNUMBER(SEARCH(Setup!$A$41,$B7)),41,0))) -> 0 | CX7: =IF($B7="","",IF(Setup!$A$42="",0,IF(ISNUMBER(SEARCH(Setup!$A$42,$B7)),42,0))) -> 0 | CY7: =IF($B7="","",IF(Setup!$A$43="",0,IF(ISNUMBER(SEARCH(Setup!$A$43,$B7)),43,0))) -> 0 | CZ7: =IF($B7="","",IF(Setup!$A$44="",0,IF(ISNUMBER(SEARCH(Setup!$A$44,$B7)),44,0))) -> 44 | DA7: =IF($B7="","",IF(Setup!$A$45="",0,IF(ISNUMBER(SEARCH(Setup!$A$45,$B7)),45,0))) -> 0 | DB7: =IF($B7="","",IF(Setup!$A$46="",0,IF(ISNUMBER(SEARCH(Setup!$A$46,$B7)),46,0))) -> 0 | DC7: =IF($B7="","",IF(Setup!$A$47="",0,IF(ISNUMBER(SEARCH(Setup!$A$47,$B7)),47,0))) -> 0 | DD7: =IF($B7="","",IF(Setup!$A$48="",0,IF(ISNUMBER(SEARCH(Setup!$A$48,$B7)),48,0))) -> 0 | DE7: =IF($B7="","",IF(Setup!$A$49="",0,IF(ISNUMBER(SEARCH(Setup!$A$49,$B7)),49,0))) -> 0 | DF7: =IF($B7="",NA(),$A7) -> 2 | DG7: =IF($BI7="",NA(),$BI7) -> 33.2 | DH7: =IF($N7="",NA(),$N7) -> 37.2 | DI7: =IF(AND($D7="Drift",$N7<>""),$N7,NA()) -> #N/A | DJ7: =IF(AND($D7="Drift",$N7<>""),$N7,"") | DK7: =IF($DJ7="","",$A7) | DL7: =IF($AN7="",NA(),$AM7) -> #N/A | DM7: =IF($AN7="",NA(),$AN7) -> #N/A | DN7: =IF(AND($D7="Sample",$L7<>""),$L7,NA()) -> #N/A | DO7: =IF(AND($D7="Sample",$L7<>"",Fits!$B$98<>""),Fits!$B$98,NA()) -> #N/A | DP7: =IF($AS7="",NA(),$AS7) -> #N/A | DQ7: =IF(AND($D7="Drift",$AS7="",$X7<>""),$X7,NA()) -> #N/A | DR7: =IF(AND($D7="Drift",$Z7<>""),$Z7,NA()) -> #N/A | DS7: =IF(AND(OR($D7="Sample",$D7="Check"),$AA7<>""),$AA7,NA()) -> #N/A | DT7: =IF(OR($B7="",Fits!$B$138=""),NA(),Fits!$B$138) -> 1.76 | DU7: =IF(OR($B7="",Fits!$B$139=""),NA(),Fits!$B$139) -> 20.68 | DV7: =IF($BT7="",NA(),$BT7) -> -1.139 | DW7: =IF($AP7="",NA(),$AO7) -> #N/A | DX7: =IF($AP7="",NA(),$AP7) -> #N/A | DY7: =IF(AND($D7="Sample",$P7<>""),$P7,NA()) -> #N/A | DZ7: =IF(AND($D7="Sample",$P7<>"",Fits!$B$105<>""),Fits!$B$105,NA()) -> #N/A | EA7: =IF($AT7="",NA(),$AT7) -> #N/A | EB7: =IF(AND($D7="Drift",$AT7="",$AC7<>""),$AC7,NA()) -> #N/A | EC7: =IF(AND($D7="Drift",$AE7<>""),$AE7,NA()) -> #N/A | ED7: =IF(AND(OR($D7="Sample",$D7="Check"),$AF7<>""),$AF7,NA()) -> #N/A | EE7: =IF(OR($B7="",Fits!$B$158=""),NA(),Fits!$B$158) -> -40.81 | EF7: =IF(OR($B7="",Fits!$B$159=""),NA(),Fits!$B$159) -> -20.29 | EG7: =IF($BW7="",NA(),$BW7) -> -25.353 | EH7: =IF(AND($EN7=1,ISNUMBER($N7)),$N7,NA()) -> #N/A | EI7: =IF($B7="","",$A7) -> 2 | EJ7: =IF(OR(AND(ISNUMBER($L7),Fits!$B$97>0,$L7>Fits!$B$97),AND(ISNUMBER($P7),Fits!$B$104>0,$P7>Fits!$B$104)),1,0) -> 1 | EK7: =IF($EJ6=1,1,0) -> 0 | EL7: =IF(AND($EK7=0,ISNUMBER($N7)),$N7,$EL6) -> 37.2 | EM7: =IF(AND($EK7=1,ISNUMBER($N7),ISNUMBER($EL7)),$N7-$EL7,"") | EN7: =IF(Setup!$B$28="",0,IF(ISNUMBER($EM7),IF($EM7>Setup!$B$28,1,0),0)) -> 0 | EO7: =IF($EN7=1,COUNTIF($EN$6:$EN7,1),"") | EP7: =IF(AND($EJ6=1,OR($D7="Sample",$D7="Check")),1,0) -> 0 | EQ7: =IF(ISNUMBER($BI7),IF(COUNT($BI$6:$BI7)<=5,$BI7,""),"") -> 33.2 | ER7: =IF(OR(NOT(ISNUMBER($BJ7)),$EK7=1),$ER6,IF($BJ7<=Setup!$B$26,IF($CP6=0,$A7,$ER6),""))
A8: 3 | B8: =IFERROR(INDEX(Raw!$B$2:$B$1001,MATCH($A8,Raw!$A$2:$A$1001,0)),"") -> Ace Bypass | C8: =IF($B8="","",MAX($CS8:$DE8)) -> 44 | D8: =IF($B8="","",IF($C8=0,"Sample",INDEX(Setup!$B$37:$B$49,$C8-36))) -> Exclude | E8: =IF($B8="","",IFERROR(IF(INDEX(Raw!$E$2:$E$1001,MATCH($A8,Raw!$A$2:$A$1001,0))=0,"",INDEX(Raw!$E$2:$E$1001,MATCH($A8,Raw!$A$2:$A$1001,0))),"")) -> 0.49 | G8: =IF($B8="","",IF($F8<>"",$F8,IF($E8="","",$E8))) -> 0.49 | H8: =IF($B8="","",SUMPRODUCT(MAX((Raw!$A$2:$A$1001=$A8)*(Raw!$R$2:$R$1001="N")*Raw!$D$2:$D$1001))) -> 3 | I8: =IF(OR($H8="",$H8=0),"",$A8&"|N|"&$H8) -> 3|N|3 | J8: =IF($B8="","",SUMPRODUCT(MIN((Raw!$A$2:$A$1001=$A8)*(Raw!$R$2:$R$1001="C")*Raw!$D$2:$D$1001+(1-(Raw!$A$2:$A$1001=$A8)*(Raw!$R$2:$R$1001="C"))*9999))) -> 4 | K8: =IF(OR($J8="",$J8=0,$J8=9999),"",$A8&"|C|"&$J8) -> 3|C|4 | L8: =IF($I8="","",IF(INDEX(Raw!$I$2:$I$1001,MATCH($I8,Raw!$S$2:$S$1001,0))<>0,"",INDEX(Raw!$H$2:$H$1001,MATCH($I8,Raw!$S$2:$S$1001,0)))) -> 34.829 | M8: =IF($I8="","",IF(INDEX(Raw!$I$2:$I$1001,MATCH($I8,Raw!$S$2:$S$1001,0))<>0,"",INDEX(Raw!$F$2:$F$1001,MATCH($I8,Raw!$S$2:$S$1001,0)))) -> 1952 | N8: =IF($I8="","",IF(INDEX(Raw!$I$2:$I$1001,MATCH($I8,Raw!$S$2:$S$1001,0))<>0,"",INDEX(Raw!$G$2:$G$1001,MATCH($I8,Raw!$S$2:$S$1001,0)))) -> 36.4 | O8: =IF($I8="","",IF(INDEX(Raw!$I$2:$I$1001,MATCH($I8,Raw!$S$2:$S$1001,0))<>0,"",INDEX(Raw!$N$2:$N$1001,MATCH($I8,Raw!$S$2:$S$1001,0)))) -> -4.515 | P8: =IF($K8="","",IF(INDEX(Raw!$I$2:$I$1001,MATCH($K8,Raw!$S$2:$S$1001,0))<>0,"",INDEX(Raw!$K$2:$K$1001,MATCH($K8,Raw!$S$2:$S$1001,0)))) -> 155.895 | Q8: =IF($K8="","",IF(INDEX(Raw!$I$2:$I$1001,MATCH($K8,Raw!$S$2:$S$1001,0))<>0,"",INDEX(Raw!$J$2:$J$1001,MATCH($K8,Raw!$S$2:$S$1001,0)))) -> 6715 | R8: =IF($K8="","",IF(INDEX(Raw!$I$2:$I$1001,MATCH($K8,Raw!$S$2:$S$1001,0))<>0,"",INDEX(Raw!$O$2:$O$1001,MATCH($K8,Raw!$S$2:$S$1001,0)))) -> -9.45 | S8: =IF($B8="","",IF($C8=0,"",IF(INDEX(Setup!$D$37:$D$49,$C8-36)="","",INDEX(Setup!$D$37:$D$49,$C8-36)))) | T8: =IF($B8="","",IF($C8=0,"",IF(INDEX(Setup!$C$37:$C$49,$C8-36)="","",INDEX(Setup!$C$37:$C$49,$C8-36)))) | U8: =IF($B8="","",IF($C8=0,"",IF(INDEX(Setup!$F$37:$F$49,$C8-36)="","",INDEX(Setup!$F$37:$F$49,$C8-36)))) -> 10.36 | V8: =IF($B8="","",IF($C8=0,"",IF(INDEX(Setup!$E$37:$E$49,$C8-36)="","",INDEX(Setup!$E$37:$E$49,$C8-36)))) -> 71.09 | W8: =IF($O8="","",IF(OR(Fits!$C$5<>"Yes",$D8="Blank",$L8<=Fits!$B$6),$O8,($L8*$O8-Fits!$B$6*Fits!$B$7)/($L8-Fits!$B$6))) -> -4.515 | X8: =IF($W8="","",$W8-Fits!$B$20*($L8-Fits!$B$16)) -> -4.515 | Y8: =IF($W8="","",IF(OR(Fits!$B$38="Row",$BI8=""),$A8,$BI8)) -> 3 | Z8: =IF($X8="","",$X8-Fits!$B$39*($Y8-Fits!$B$40)) -> -4.96898 | AA8: =IF(OR($Z8="",Fits!$B$55<2),"",Fits!$B$56*$Z8+Fits!$B$57) -> -4.0738745 | AB8: =IF($R8="","",IF(OR(Fits!$C$9<>"Yes",$D8="Blank",$P8<=Fits!$B$10),$R8,($P8*$R8-Fits!$B$10*Fits!$B$11)/($P8-Fits!$B$10))) -> -9.45 | AC8: =IF($AB8="","",$AB8-Fits!$B$28*($P8-Fits!$B$24)) -> -9.4990914 | AD8: =IF($AB8="","",IF(OR(Fits!$B$50="Row",$BI8=""),$A8,$BI8)) -> 3 | AE8: =IF($AC8="","",$AC8-Fits!$B$51*($AD8-Fits!$B$52)) -> -9.4191632 | AF8: =IF(OR($AE8="",Fits!$B$62<2),"",Fits!$B$63*$AE8+Fits!$B$64) -> -26.544691 | AG8: =IF(OR($L8="",Fits!$B$69<3),"",($L8-Fits!$B$71)/Fits!$B$70) -> 54.255501 | AH8: =IF(OR($P8="",Fits!$B$75<3),"",($P8-Fits!$B$77)/Fits!$B$76) -> 351.09371 | AI8: =IF(OR($AG8="",$G8="",$G8=0),"",$AG8/($G8*1000)*100) -> 11.072551 | AJ8: =IF(OR($AH8="",$G8="",$G8=0),"",$AH8/($G8*1000)*100) -> 71.651778 | AK8: =IF(OR($AG8="",$AH8="",$AG8<=0),"",($AH8/Setup!$B$52)/($AG8/Setup!$B$53)) -> 7.5464941 | AL8: =IF(OR($AG8="",$AH8="",$AG8<=0),"",$AH8/$AG8) -> 6.4711173 | AM8: =IF($D8="Linearity",IF($L8="","",$L8),"") | AN8: =IF($D8="Linearity",IF($W8="","",$W8),"") | AO8: =IF($D8="Linearity",IF($P8="","",$P8),"") | AP8: =IF($D8="Linearity",IF($AB8="","",$AB8),"") | AQ8: =IF($D8="Drift",IF($A8<IF(Setup!$B$14="",0,Setup!$B$14),"",$A8),"") | AR8: =IF($D8="Drift",IF($A8<IF(Setup!$B$14="",0,Setup!$B$14),"",IF($BI8="","",$BI8)),"") | AS8: =IF($D8="Drift",IF($A8<IF(Setup!$B$14="",0,Setup!$B$14),"",IF(OR($X8="",$BX8=1),"",$X8)),"") | AT8: =IF($D8="Drift",IF($A8<IF(Setup!$B$14="",0,Setup!$B$14),"",IF(OR($AC8="",$BY8=1),"",$AC8)),"") | AU8: =IF($D8="Anchor",IF(OR($Z8="",$S8=""),"",$Z8),"") | AV8: =IF($D8="Anchor",IF(OR($Z8="",$S8=""),"",$S8),"") | AW8: =IF($D8="Anchor",IF(OR($AE8="",$T8=""),"",$AE8),"") | AX8: =IF($D8="Anchor",IF(OR($AE8="",$T8=""),"",$T8),"") | AY8: =IF(OR($D8="Blank",$D8="Exclude",$D8="Sample",$D8="",$G8="",$U8="",$L8=""),"",$G8*1000*$U8/100) | AZ8: =IF($AY8="","",$L8) | BA8: =IF(OR($D8="Blank",$D8="Exclude",$D8="Sample",$D8="",$G8="",$V8="",$P8=""),"",$G8*1000*$V8/100) | BB8: =IF($BA8="","",$P8) | BC8: =IF(AND($D8="Blank",$L8<>""),$O8,"") | BD8: =IF($BC8="","",$L8) | BE8: =IF(AND($D8="Blank",$P8<>""),$R8,"") | BF8: =IF($BE8="","",$P8) | BG8: =IF(AND($D8="Drift",$BX8<>1),IF($AA8="","",$AA8),"") | BH8: =IF(AND($D8="Drift",$BY8<>1),IF($AF8="","",$AF8),"") | BI8: =IF($B8="","",IFERROR(INDEX(Raw!$G$2:$G$1001,MATCH($A8&"|N|"&SUMPRODUCT(MAX((Raw!$A$2:$A$1001=$A8)*(Raw!$R$2:$R$1001="N")*(Raw!$I$2:$I$1001=1)*Raw!$D$2:$D$1001)),Raw!$S$2:$S$1001,0)),"")) -> 32.7 | BJ8: =IF(OR($BI8="",Fits!$B$85<=0),"",($BI8-Fits!$B$83)/Fits!$B$85) -> 0.86486486 | BK8: =IF($AS8="","",IF($A8>=Fits!$B$86,"",$A8)) | BL8: =IF($BK8="","",$X8) | BM8: =IF($AS8="","",IF($A8<Fits!$B$86,"",$A8)) | BN8: =IF($BM8="","",$X8) | BO8: =IF(AND($D8="Drift",$BX8<>1),IF($O8="","",$O8),"") | BP8: =IF(AND($D8="Drift",$BX8<>1),IF($W8="","",$W8),"") | BQ8: =IF(AND($D8="Drift",$BX8<>1),IF($X8="","",$X8),"") | BR8: =IF(AND($D8="Drift",$BX8<>1),IF($Z8="","",$Z8),"") | BS8: =IF(OR($B8="",$H8=""),"",SUMPRODUCT(MIN((Raw!$A$2:$A$1001=$A8)*(Raw!$R$2:$R$1001="N")*(Raw!$I$2:$I$1001=0)*(Raw!$D$2:$D$1001<$H8)*Raw!$D$2:$D$1001+(1-(Raw!$A$2:$A$1001=$A8)*(Raw!$R$2:$R$1001="N")*(Raw!$I$2:$I$1001=0)*(Raw!$D$2:$D$1001<$H8))*9999))) -> 1 | BT8: =IF(OR($BS8="",$BS8=9999,$BS8=0),"",IFERROR(INDEX(Raw!$N$2:$N$1001,MATCH($A8&"|N|"&$BS8,Raw!$S$2:$S$1001,0)),"")) -> -1.2 | BU8: =IF($B8="","",SUMPRODUCT(MIN((Raw!$A$2:$A$1001=$A8)*(Raw!$R$2:$R$1001="C")*(Raw!$I$2:$I$1001=1)*Raw!$D$2:$D$1001+(1-(Raw!$A$2:$A$1001=$A8)*(Raw!$R$2:$R$1001="C")*(Raw!$I$2:$I$1001=1))*9999))) -> 5 | BV8: =IF(OR($BU8="",$BU8=9999),"",SUMPRODUCT(MIN((Raw!$A$2:$A$1001=$A8)*(Raw!$R$2:$R$1001="C")*(Raw!$I$2:$I$1001=0)*(Raw!$D$2:$D$1001>$BU8)*Raw!$D$2:$D$1001+(1-(Raw!$A$2:$A$1001=$A8)*(Raw!$R$2:$R$1001="C")*(Raw!$I$2:$I$1001=0)*(Raw!$D$2:$D$1001>$BU8))*9999))) -> 6 | BW8: =IF(OR($BV8="",$BV8=9999,$BV8=0),"",IFERROR(INDEX(Raw!$O$2:$O$1001,MATCH($A8&"|C|"&$BV8,Raw!$S$2:$S$1001,0)),"")) -> -25.401 | BX8: =IF($B8="","",IF(ISNUMBER(SEARCH(","&$A8&",",","&SUBSTITUTE(Setup!$B$16," ","")&",")),1,0)) -> 0 | BY8: =IF($B8="","",IF(ISNUMBER(SEARCH(","&$A8&",",","&SUBSTITUTE(Setup!$B$17," ","")&",")),1,0)) -> 0 | BZ8: =IF($AS8="","",IF(Fits!$B$38="Row",$AQ8,IF($AR8="","",$AR8))) | CA8: =IF($AT8="","",IF(Fits!$B$50="Row",$AQ8,IF($AR8="","",$AR8))) | CB8: =IF(OR($D8<>"Drift",$X8="",$A8<IF(Setup!$B$14="",0,Setup!$B$14),Fits!$B$107<3,Fits!$B$110="",Fits!$B$109=0,IF(Fits!$B$38="Row",$AQ8,$AR8)=""),"",IF($BX8=1,IF(OR(Fits!$B$111="",Fits!$B$111=0),"",($X8-(IF(Fits!$B$38="Row",Fits!$B$32,Fits!$B$35)*IF(Fits!$B$38="Row",$AQ8,$AR8)+Fits!$B$110))/(Fits!$B$111*SQRT(1+(1/Fits!$B$107+(IF(Fits!$B$38="Row",$AQ8,$AR8)-Fits!$B$108)^2/Fits!$B$109)))),IF(OR(Fits!$B$107<4,(1/Fits!$B$107+(IF(Fits!$B$38="Row",$AQ8,$AR8)-Fits!$B$108)^2/Fits!$B$109)>=1),"",IF((Fits!$B$116-($X8-(IF(Fits!$B$38="Row",Fits!$B$32,Fits!$B$35)*IF(Fits!$B$38="Row",$AQ8,$AR8)+Fits!$B$110))^2/(1-(1/Fits!$B$107+(IF(Fits!$B$38="Row",$AQ8,$AR8)-Fits!$B$108)^2/Fits!$B$109)))<=0,"",($X8-(IF(Fits!$B$38="Row",Fits!$B$32,Fits!$B$35)*IF(Fits!$B$38="Row",$AQ8,$AR8)+Fits!$B$110))/(SQRT((Fits!$B$116-($X8-(IF(Fits!$B$38="Row",Fits!$B$32,Fits!$B$35)*IF(Fits!$B$38="Row",$AQ8,$AR8)+Fits!$B$110))^2/(1-(1/Fits!$B$107+(IF(Fits!$B$38="Row",$AQ8,$AR8)-Fits!$B$108)^2/Fits!$B$109)))/(Fits!$B$107-3))*SQRT(1-(1/Fits!$B$107+(IF(Fits!$B$38="Row",$AQ8,$AR8)-Fits!$B$108)^2/Fits!$B$109))))))) | CC8: =IF(OR($D8<>"Drift",$AC8="",$A8<IF(Setup!$B$14="",0,Setup!$B$14),Fits!$B$120<3,Fits!$B$123="",Fits!$B$122=0,IF(Fits!$B$50="Row",$AQ8,$AR8)=""),"",IF($BY8=1,IF(OR(Fits!$B$124="",Fits!$B$124=0),"",($AC8-(IF(Fits!$B$50="Row",Fits!$B$44,Fits!$B$47)*IF(Fits!$B$50="Row",$AQ8,$AR8)+Fits!$B$123))/(Fits!$B$124*SQRT(1+(1/Fits!$B$120+(IF(Fits!$B$50="Row",$AQ8,$AR8)-Fits!$B$121)^2/Fits!$B$122)))),IF(OR(Fits!$B$120<4,(1/Fits!$B$120+(IF(Fits!$B$50="Row",$AQ8,$AR8)-Fits!$B$121)^2/Fits!$B$122)>=1),"",IF((Fits!$B$129-($AC8-(IF(Fits!$B$50="Row",Fits!$B$44,Fits!$B$47)*IF(Fits!$B$50="Row",$AQ8,$AR8)+Fits!$B$123))^2/(1-(1/Fits!$B$120+(IF(Fits!$B$50="Row",$AQ8,$AR8)-Fits!$B$121)^2/Fits!$B$122)))<=0,"",($AC8-(IF(Fits!$B$50="Row",Fits!$B$44,Fits!$B$47)*IF(Fits!$B$50="Row",$AQ8,$AR8)+Fits!$B$123))/(SQRT((Fits!$B$129-($AC8-(IF(Fits!$B$50="Row",Fits!$B$44,Fits!$B$47)*IF(Fits!$B$50="Row",$AQ8,$AR8)+Fits!$B$123))^2/(1-(1/Fits!$B$120+(IF(Fits!$B$50="Row",$AQ8,$AR8)-Fits!$B$121)^2/Fits!$B$122)))/(Fits!$B$120-3))*SQRT(1-(1/Fits!$B$120+(IF(Fits!$B$50="Row",$AQ8,$AR8)-Fits!$B$121)^2/Fits!$B$122))))))) | CD8: =IF($AU8="","",1) | CE8: =IF($AU8="","",$AU8-Fits!$B$133) | CF8: =IF($AU8="","",($AV8-(Fits!$B$56*$AU8+Fits!$B$57))-Fits!$B$56*($AU8-Fits!$B$133)) | CG8: =IF($AU8="","",$AU8^2) | CH8: =IF($AW8="","",1) | CI8: =IF($AW8="","",$AW8-Fits!$B$153) | CJ8: =IF($AW8="","",($AX8-(Fits!$B$63*$AW8+Fits!$B$64))-Fits!$B$63*($AW8-Fits!$B$153)) | CK8: =IF($AW8="","",$AW8^2) | CL8: =IF(OR($Z8="",Fits!$B$55<3,Fits!$B$133="",Fits!$B$134="",Fits!$B$134=0,Fits!$B$136=""),"",SQRT((Fits!$B$136*Fits!$B$56)^2+SUMPRODUCT((Fits!$J$163:$J$175*(Fits!$B$163:$B$175/Fits!$B$55+Fits!$H$163:$H$175*($Z8-Fits!$B$133)/Fits!$B$134))^2)+SUMPRODUCT((Fits!$G$163:$G$175*(($Z8-Fits!$B$133)*Fits!$I$163:$I$175/Fits!$B$134-Fits!$B$163:$B$175*Fits!$B$56/Fits!$B$55))^2))) -> 0.24923782 | CM8: =IF($CL8="","",Setup!$B$32*$CL8) -> 0.49847563 | CN8: =IF(OR($AE8="",Fits!$B$62<3,Fits!$B$153="",Fits!$B$154="",Fits!$B$154=0,Fits!$B$156=""),"",SQRT((Fits!$B$156*Fits!$B$63)^2+SUMPRODUCT((Fits!$J$183:$J$195*(Fits!$B$183:$B$195/Fits!$B$62+Fits!$H$183:$H$195*($AE8-Fits!$B$153)/Fits!$B$154))^2)+SUMPRODUCT((Fits!$G$183:$G$195*(($AE8-Fits!$B$153)*Fits!$I$183:$I$195/Fits!$B$154-Fits!$B$183:$B$195*Fits!$B$63/Fits!$B$62))^2))) -> 0.037941441 | CO8: =IF($CN8="","",Setup!$B$32*$CN8) -> 0.075882883 | CP8: =IF(OR(NOT(ISNUMBER($BJ8)),$EK8=1),$CP7,IF($BJ8<=Setup!$B$26,$CP7+1,0)) -> 0 | CQ8: =IF($BT8="","",$A8) -> 3 | CR8: =IF($BW8="","",$A8) -> 3 | CS8: =IF($B8="","",IF(Setup!$A$37="",0,IF(ISNUMBER(SEARCH(Setup!$A$37,$B8)),37,0))) -> 0 | CT8: =IF($B8="","",IF(Setup!$A$38="",0,IF(ISNUMBER(SEARCH(Setup!$A$38,$B8)),38,0))) -> 0 | CU8: =IF($B8="","",IF(Setup!$A$39="",0,IF(ISNUMBER(SEARCH(Setup!$A$39,$B8)),39,0))) -> 0 | CV8: =IF($B8="","",IF(Setup!$A$40="",0,IF(ISNUMBER(SEARCH(Setup!$A$40,$B8)),40,0))) -> 0 | CW8: =IF($B8="","",IF(Setup!$A$41="",0,IF(ISNUMBER(SEARCH(Setup!$A$41,$B8)),41,0))) -> 0 | CX8: =IF($B8="","",IF(Setup!$A$42="",0,IF(ISNUMBER(SEARCH(Setup!$A$42,$B8)),42,0))) -> 0 | CY8: =IF($B8="","",IF(Setup!$A$43="",0,IF(ISNUMBER(SEARCH(Setup!$A$43,$B8)),43,0))) -> 0 | CZ8: =IF($B8="","",IF(Setup!$A$44="",0,IF(ISNUMBER(SEARCH(Setup!$A$44,$B8)),44,0))) -> 44 | DA8: =IF($B8="","",IF(Setup!$A$45="",0,IF(ISNUMBER(SEARCH(Setup!$A$45,$B8)),45,0))) -> 0 | DB8: =IF($B8="","",IF(Setup!$A$46="",0,IF(ISNUMBER(SEARCH(Setup!$A$46,$B8)),46,0))) -> 0 | DC8: =IF($B8="","",IF(Setup!$A$47="",0,IF(ISNUMBER(SEARCH(Setup!$A$47,$B8)),47,0))) -> 0 | DD8: =IF($B8="","",IF(Setup!$A$48="",0,IF(ISNUMBER(SEARCH(Setup!$A$48,$B8)),48,0))) -> 0 | DE8: =IF($B8="","",IF(Setup!$A$49="",0,IF(ISNUMBER(SEARCH(Setup!$A$49,$B8)),49,0))) -> 0 | DF8: =IF($B8="",NA(),$A8) -> 3 | DG8: =IF($BI8="",NA(),$BI8) -> 32.7 | DH8: =IF($N8="",NA(),$N8) -> 36.4 | DI8: =IF(AND($D8="Drift",$N8<>""),$N8,NA()) -> #N/A | DJ8: =IF(AND($D8="Drift",$N8<>""),$N8,"") | DK8: =IF($DJ8="","",$A8) | DL8: =IF($AN8="",NA(),$AM8) -> #N/A | DM8: =IF($AN8="",NA(),$AN8) -> #N/A | DN8: =IF(AND($D8="Sample",$L8<>""),$L8,NA()) -> #N/A | DO8: =IF(AND($D8="Sample",$L8<>"",Fits!$B$98<>""),Fits!$B$98,NA()) -> #N/A | DP8: =IF($AS8="",NA(),$AS8) -> #N/A | DQ8: =IF(AND($D8="Drift",$AS8="",$X8<>""),$X8,NA()) -> #N/A | DR8: =IF(AND($D8="Drift",$Z8<>""),$Z8,NA()) -> #N/A | DS8: =IF(AND(OR($D8="Sample",$D8="Check"),$AA8<>""),$AA8,NA()) -> #N/A | DT8: =IF(OR($B8="",Fits!$B$138=""),NA(),Fits!$B$138) -> 1.76 | DU8: =IF(OR($B8="",Fits!$B$139=""),NA(),Fits!$B$139) -> 20.68 | DV8: =IF($BT8="",NA(),$BT8) -> -1.2 | DW8: =IF($AP8="",NA(),$AO8) -> #N/A | DX8: =IF($AP8="",NA(),$AP8) -> #N/A | DY8: =IF(AND($D8="Sample",$P8<>""),$P8,NA()) -> #N/A | DZ8: =IF(AND($D8="Sample",$P8<>"",Fits!$B$105<>""),Fits!$B$105,NA()) -> #N/A | EA8: =IF($AT8="",NA(),$AT8) -> #N/A | EB8: =IF(AND($D8="Drift",$AT8="",$AC8<>""),$AC8,NA()) -> #N/A | EC8: =IF(AND($D8="Drift",$AE8<>""),$AE8,NA()) -> #N/A | ED8: =IF(AND(OR($D8="Sample",$D8="Check"),$AF8<>""),$AF8,NA()) -> #N/A | EE8: =IF(OR($B8="",Fits!$B$158=""),NA(),Fits!$B$158) -> -40.81 | EF8: =IF(OR($B8="",Fits!$B$159=""),NA(),Fits!$B$159) -> -20.29 | EG8: =IF($BW8="",NA(),$BW8) -> -25.401 | EH8: =IF(AND($EN8=1,ISNUMBER($N8)),$N8,NA()) -> #N/A | EI8: =IF($B8="","",$A8) -> 3 | EJ8: =IF(OR(AND(ISNUMBER($L8),Fits!$B$97>0,$L8>Fits!$B$97),AND(ISNUMBER($P8),Fits!$B$104>0,$P8>Fits!$B$104)),1,0) -> 0 | EK8: =IF(OR($EJ7=1,$EJ6=1),1,0) -> 1 | EL8: =IF(AND($EK8=0,ISNUMBER($N8)),$N8,$EL7) -> 37.2 | EM8: =IF(AND($EK8=1,ISNUMBER($N8),ISNUMBER($EL8)),$N8-$EL8,"") -> -0.8 | EN8: =IF(Setup!$B$28="",0,IF(ISNUMBER($EM8),IF($EM8>Setup!$B$28,1,0),0)) -> 0 | EO8: =IF($EN8=1,COUNTIF($EN$6:$EN8,1),"") | EP8: =IF(AND($EJ7=1,OR($D8="Sample",$D8="Check")),1,0) -> 0 | EQ8: =IF(ISNUMBER($BI8),IF(COUNT($BI$6:$BI8)<=5,$BI8,""),"") -> 32.7 | ER8: =IF(OR(NOT(ISNUMBER($BJ8)),$EK8=1),$ER7,IF($BJ8<=Setup!$B$26,IF($CP7=0,$A8,$ER7),""))
A9: 4 | B9: =IFERROR(INDEX(Raw!$B$2:$B$1001,MATCH($A9,Raw!$A$2:$A$1001,0)),"") -> Blank Capsule | C9: =IF($B9="","",MAX($CS9:$DE9)) -> 45 | D9: =IF($B9="","",IF($C9=0,"Sample",INDEX(Setup!$B$37:$B$49,$C9-36))) -> Blank | E9: =IF($B9="","",IFERROR(IF(INDEX(Raw!$E$2:$E$1001,MATCH($A9,Raw!$A$2:$A$1001,0))=0,"",INDEX(Raw!$E$2:$E$1001,MATCH($A9,Raw!$A$2:$A$1001,0))),"")) | G9: =IF($B9="","",IF($F9<>"",$F9,IF($E9="","",$E9))) | H9: =IF($B9="","",SUMPRODUCT(MAX((Raw!$A$2:$A$1001=$A9)*(Raw!$R$2:$R$1001="N")*Raw!$D$2:$D$1001))) -> 3 | I9: =IF(OR($H9="",$H9=0),"",$A9&"|N|"&$H9) -> 4|N|3 | J9: =IF($B9="","",SUMPRODUCT(MIN((Raw!$A$2:$A$1001=$A9)*(Raw!$R$2:$R$1001="C")*Raw!$D$2:$D$1001+(1-(Raw!$A$2:$A$1001=$A9)*(Raw!$R$2:$R$1001="C"))*9999))) -> 4 | K9: =IF(OR($J9="",$J9=0,$J9=9999),"",$A9&"|C|"&$J9) -> 4|C|4 | L9: =IF($I9="","",IF(INDEX(Raw!$I$2:$I$1001,MATCH($I9,Raw!$S$2:$S$1001,0))<>0,"",INDEX(Raw!$H$2:$H$1001,MATCH($I9,Raw!$S$2:$S$1001,0)))) -> 1.676 | M9: =IF($I9="","",IF(INDEX(Raw!$I$2:$I$1001,MATCH($I9,Raw!$S$2:$S$1001,0))<>0,"",INDEX(Raw!$F$2:$F$1001,MATCH($I9,Raw!$S$2:$S$1001,0)))) -> 61 | N9: =IF($I9="","",IF(INDEX(Raw!$I$2:$I$1001,MATCH($I9,Raw!$S$2:$S$1001,0))<>0,"",INDEX(Raw!$G$2:$G$1001,MATCH($I9,Raw!$S$2:$S$1001,0)))) -> 35.2 | O9: =IF($I9="","",IF(INDEX(Raw!$I$2:$I$1001,MATCH($I9,Raw!$S$2:$S$1001,0))<>0,"",INDEX(Raw!$N$2:$N$1001,MATCH($I9,Raw!$S$2:$S$1001,0)))) -> 15.781 | P9: =IF($K9="","",IF(INDEX(Raw!$I$2:$I$1001,MATCH($K9,Raw!$S$2:$S$1001,0))<>0,"",INDEX(Raw!$K$2:$K$1001,MATCH($K9,Raw!$S$2:$S$1001,0)))) | Q9: =IF($K9="","",IF(INDEX(Raw!$I$2:$I$1001,MATCH($K9,Raw!$S$2:$S$1001,0))<>0,"",INDEX(Raw!$J$2:$J$1001,MATCH($K9,Raw!$S$2:$S$1001,0)))) | R9: =IF($K9="","",IF(INDEX(Raw!$I$2:$I$1001,MATCH($K9,Raw!$S$2:$S$1001,0))<>0,"",INDEX(Raw!$O$2:$O$1001,MATCH($K9,Raw!$S$2:$S$1001,0)))) | S9: =IF($B9="","",IF($C9=0,"",IF(INDEX(Setup!$D$37:$D$49,$C9-36)="","",INDEX(Setup!$D$37:$D$49,$C9-36)))) | T9: =IF($B9="","",IF($C9=0,"",IF(INDEX(Setup!$C$37:$C$49,$C9-36)="","",INDEX(Setup!$C$37:$C$49,$C9-36)))) | U9: =IF($B9="","",IF($C9=0,"",IF(INDEX(Setup!$F$37:$F$49,$C9-36)="","",INDEX(Setup!$F$37:$F$49,$C9-36)))) | V9: =IF($B9="","",IF($C9=0,"",IF(INDEX(Setup!$E$37:$E$49,$C9-36)="","",INDEX(Setup!$E$37:$E$49,$C9-36)))) | W9: =IF($O9="","",IF(OR(Fits!$C$5<>"Yes",$D9="Blank",$L9<=Fits!$B$6),$O9,($L9*$O9-Fits!$B$6*Fits!$B$7)/($L9-Fits!$B$6))) -> 15.781 | X9: =IF($W9="","",$W9-Fits!$B$20*($L9-Fits!$B$16)) -> 15.781 | Y9: =IF($W9="","",IF(OR(Fits!$B$38="Row",$BI9=""),$A9,$BI9)) -> 4 | Z9: =IF($X9="","",$X9-Fits!$B$39*($Y9-Fits!$B$40)) -> 15.341774 | AA9: =IF(OR($Z9="",Fits!$B$55<2),"",Fits!$B$56*$Z9+Fits!$B$57) -> 16.7771 | AB9: =IF($R9="","",IF(OR(Fits!$C$9<>"Yes",$D9="Blank",$P9<=Fits!$B$10),$R9,($P9*$R9-Fits!$B$10*Fits!$B$11)/($P9-Fits!$B$10))) | AC9: =IF($AB9="","",$AB9-Fits!$B$28*($P9-Fits!$B$24)) | AD9: =IF($AB9="","",IF(OR(Fits!$B$50="Row",$BI9=""),$A9,$BI9)) | AE9: =IF($AC9="","",$AC9-Fits!$B$51*($AD9-Fits!$B$52)) | AF9: =IF(OR($AE9="",Fits!$B$62<2),"",Fits!$B$63*$AE9+Fits!$B$64) | AG9: =IF(OR($L9="",Fits!$B$69<3),"",($L9-Fits!$B$71)/Fits!$B$70) -> -0.51021755 | AH9: =IF(OR($P9="",Fits!$B$75<3),"",($P9-Fits!$B$77)/Fits!$B$76) | AI9: =IF(OR($AG9="",$G9="",$G9=0),"",$AG9/($G9*1000)*100) | AJ9: =IF(OR($AH9="",$G9="",$G9=0),"",$AH9/($G9*1000)*100) | AK9: =IF(OR($AG9="",$AH9="",$AG9<=0),"",($AH9/Setup!$B$52)/($AG9/Setup!$B$53)) | AL9: =IF(OR($AG9="",$AH9="",$AG9<=0),"",$AH9/$AG9) | AM9: =IF($D9="Linearity",IF($L9="","",$L9),"") | AN9: =IF($D9="Linearity",IF($W9="","",$W9),"") | AO9: =IF($D9="Linearity",IF($P9="","",$P9),"") | AP9: =IF($D9="Linearity",IF($AB9="","",$AB9),"") | AQ9: =IF($D9="Drift",IF($A9<IF(Setup!$B$14="",0,Setup!$B$14),"",$A9),"") | AR9: =IF($D9="Drift",IF($A9<IF(Setup!$B$14="",0,Setup!$B$14),"",IF($BI9="","",$BI9)),"") | AS9: =IF($D9="Drift",IF($A9<IF(Setup!$B$14="",0,Setup!$B$14),"",IF(OR($X9="",$BX9=1),"",$X9)),"") | AT9: =IF($D9="Drift",IF($A9<IF(Setup!$B$14="",0,Setup!$B$14),"",IF(OR($AC9="",$BY9=1),"",$AC9)),"") | AU9: =IF($D9="Anchor",IF(OR($Z9="",$S9=""),"",$Z9),"") | AV9: =IF($D9="Anchor",IF(OR($Z9="",$S9=""),"",$S9),"") | AW9: =IF($D9="Anchor",IF(OR($AE9="",$T9=""),"",$AE9),"") | AX9: =IF($D9="Anchor",IF(OR($AE9="",$T9=""),"",$T9),"") | AY9: =IF(OR($D9="Blank",$D9="Exclude",$D9="Sample",$D9="",$G9="",$U9="",$L9=""),"",$G9*1000*$U9/100) | AZ9: =IF($AY9="","",$L9) | BA9: =IF(OR($D9="Blank",$D9="Exclude",$D9="Sample",$D9="",$G9="",$V9="",$P9=""),"",$G9*1000*$V9/100) | BB9: =IF($BA9="","",$P9) | BC9: =IF(AND($D9="Blank",$L9<>""),$O9,"") -> 15.781 | BD9: =IF($BC9="","",$L9) -> 1.676 | BE9: =IF(AND($D9="Blank",$P9<>""),$R9,"") | BF9: =IF($BE9="","",$P9) | BG9: =IF(AND($D9="Drift",$BX9<>1),IF($AA9="","",$AA9),"") | BH9: =IF(AND($D9="Drift",$BY9<>1),IF($AF9="","",$AF9),"") | BI9: =IF($B9="","",IFERROR(INDEX(Raw!$G$2:$G$1001,MATCH($A9&"|N|"&SUMPRODUCT(MAX((Raw!$A$2:$A$1001=$A9)*(Raw!$R$2:$R$1001="N")*(Raw!$I$2:$I$1001=1)*Raw!$D$2:$D$1001)),Raw!$S$2:$S$1001,0)),"")) -> 31.8 | BJ9: =IF(OR($BI9="",Fits!$B$85<=0),"",($BI9-Fits!$B$83)/Fits!$B$85) -> 0.78378378 | BK9: =IF($AS9="","",IF($A9>=Fits!$B$86,"",$A9)) | BL9: =IF($BK9="","",$X9) | BM9: =IF($AS9="","",IF($A9<Fits!$B$86,"",$A9)) | BN9: =IF($BM9="","",$X9) | BO9: =IF(AND($D9="Drift",$BX9<>1),IF($O9="","",$O9),"") | BP9: =IF(AND($D9="Drift",$BX9<>1),IF($W9="","",$W9),"") | BQ9: =IF(AND($D9="Drift",$BX9<>1),IF($X9="","",$X9),"") | BR9: =IF(AND($D9="Drift",$BX9<>1),IF($Z9="","",$Z9),"") | BS9: =IF(OR($B9="",$H9=""),"",SUMPRODUCT(MIN((Raw!$A$2:$A$1001=$A9)*(Raw!$R$2:$R$1001="N")*(Raw!$I$2:$I$1001=0)*(Raw!$D$2:$D$1001<$H9)*Raw!$D$2:$D$1001+(1-(Raw!$A$2:$A$1001=$A9)*(Raw!$R$2:$R$1001="N")*(Raw!$I$2:$I$1001=0)*(Raw!$D$2:$D$1001<$H9))*9999))) -> 1 | BT9: =IF(OR($BS9="",$BS9=9999,$BS9=0),"",IFERROR(INDEX(Raw!$N$2:$N$1001,MATCH($A9&"|N|"&$BS9,Raw!$S$2:$S$1001,0)),"")) -> -1.133 | BU9: =IF($B9="","",SUMPRODUCT(MIN((Raw!$A$2:$A$1001=$A9)*(Raw!$R$2:$R$1001="C")*(Raw!$I$2:$I$1001=1)*Raw!$D$2:$D$1001+(1-(Raw!$A$2:$A$1001=$A9)*(Raw!$R$2:$R$1001="C")*(Raw!$I$2:$I$1001=1))*9999))) -> 4 | BV9: =IF(OR($BU9="",$BU9=9999),"",SUMPRODUCT(MIN((Raw!$A$2:$A$1001=$A9)*(Raw!$R$2:$R$1001="C")*(Raw!$I$2:$I$1001=0)*(Raw!$D$2:$D$1001>$BU9)*Raw!$D$2:$D$1001+(1-(Raw!$A$2:$A$1001=$A9)*(Raw!$R$2:$R$1001="C")*(Raw!$I$2:$I$1001=0)*(Raw!$D$2:$D$1001>$BU9))*9999))) -> 5 | BW9: =IF(OR($BV9="",$BV9=9999,$BV9=0),"",IFERROR(INDEX(Raw!$O$2:$O$1001,MATCH($A9&"|C|"&$BV9,Raw!$S$2:$S$1001,0)),"")) -> -25.478 | BX9: =IF($B9="","",IF(ISNUMBER(SEARCH(","&$A9&",",","&SUBSTITUTE(Setup!$B$16," ","")&",")),1,0)) -> 0 | BY9: =IF($B9="","",IF(ISNUMBER(SEARCH(","&$A9&",",","&SUBSTITUTE(Setup!$B$17," ","")&",")),1,0)) -> 0 | BZ9: =IF($AS9="","",IF(Fits!$B$38="Row",$AQ9,IF($AR9="","",$AR9))) | CA9: =IF($AT9="","",IF(Fits!$B$50="Row",$AQ9,IF($AR9="","",$AR9))) | CB9: =IF(OR($D9<>"Drift",$X9="",$A9<IF(Setup!$B$14="",0,Setup!$B$14),Fits!$B$107<3,Fits!$B$110="",Fits!$B$109=0,IF(Fits!$B$38="Row",$AQ9,$AR9)=""),"",IF($BX9=1,IF(OR(Fits!$B$111="",Fits!$B$111=0),"",($X9-(IF(Fits!$B$38="Row",Fits!$B$32,Fits!$B$35)*IF(Fits!$B$38="Row",$AQ9,$AR9)+Fits!$B$110))/(Fits!$B$111*SQRT(1+(1/Fits!$B$107+(IF(Fits!$B$38="Row",$AQ9,$AR9)-Fits!$B$108)^2/Fits!$B$109)))),IF(OR(Fits!$B$107<4,(1/Fits!$B$107+(IF(Fits!$B$38="Row",$AQ9,$AR9)-Fits!$B$108)^2/Fits!$B$109)>=1),"",IF((Fits!$B$116-($X9-(IF(Fits!$B$38="Row",Fits!$B$32,Fits!$B$35)*IF(Fits!$B$38="Row",$AQ9,$AR9)+Fits!$B$110))^2/(1-(1/Fits!$B$107+(IF(Fits!$B$38="Row",$AQ9,$AR9)-Fits!$B$108)^2/Fits!$B$109)))<=0,"",($X9-(IF(Fits!$B$38="Row",Fits!$B$32,Fits!$B$35)*IF(Fits!$B$38="Row",$AQ9,$AR9)+Fits!$B$110))/(SQRT((Fits!$B$116-($X9-(IF(Fits!$B$38="Row",Fits!$B$32,Fits!$B$35)*IF(Fits!$B$38="Row",$AQ9,$AR9)+Fits!$B$110))^2/(1-(1/Fits!$B$107+(IF(Fits!$B$38="Row",$AQ9,$AR9)-Fits!$B$108)^2/Fits!$B$109)))/(Fits!$B$107-3))*SQRT(1-(1/Fits!$B$107+(IF(Fits!$B$38="Row",$AQ9,$AR9)-Fits!$B$108)^2/Fits!$B$109))))))) | CC9: =IF(OR($D9<>"Drift",$AC9="",$A9<IF(Setup!$B$14="",0,Setup!$B$14),Fits!$B$120<3,Fits!$B$123="",Fits!$B$122=0,IF(Fits!$B$50="Row",$AQ9,$AR9)=""),"",IF($BY9=1,IF(OR(Fits!$B$124="",Fits!$B$124=0),"",($AC9-(IF(Fits!$B$50="Row",Fits!$B$44,Fits!$B$47)*IF(Fits!$B$50="Row",$AQ9,$AR9)+Fits!$B$123))/(Fits!$B$124*SQRT(1+(1/Fits!$B$120+(IF(Fits!$B$50="Row",$AQ9,$AR9)-Fits!$B$121)^2/Fits!$B$122)))),IF(OR(Fits!$B$120<4,(1/Fits!$B$120+(IF(Fits!$B$50="Row",$AQ9,$AR9)-Fits!$B$121)^2/Fits!$B$122)>=1),"",IF((Fits!$B$129-($AC9-(IF(Fits!$B$50="Row",Fits!$B$44,Fits!$B$47)*IF(Fits!$B$50="Row",$AQ9,$AR9)+Fits!$B$123))^2/(1-(1/Fits!$B$120+(IF(Fits!$B$50="Row",$AQ9,$AR9)-Fits!$B$121)^2/Fits!$B$122)))<=0,"",($AC9-(IF(Fits!$B$50="Row",Fits!$B$44,Fits!$B$47)*IF(Fits!$B$50="Row",$AQ9,$AR9)+Fits!$B$123))/(SQRT((Fits!$B$129-($AC9-(IF(Fits!$B$50="Row",Fits!$B$44,Fits!$B$47)*IF(Fits!$B$50="Row",$AQ9,$AR9)+Fits!$B$123))^2/(1-(1/Fits!$B$120+(IF(Fits!$B$50="Row",$AQ9,$AR9)-Fits!$B$121)^2/Fits!$B$122)))/(Fits!$B$120-3))*SQRT(1-(1/Fits!$B$120+(IF(Fits!$B$50="Row",$AQ9,$AR9)-Fits!$B$121)^2/Fits!$B$122))))))) | CD9: =IF($AU9="","",1) | CE9: =IF($AU9="","",$AU9-Fits!$B$133) | CF9: =IF($AU9="","",($AV9-(Fits!$B$56*$AU9+Fits!$B$57))-Fits!$B$56*($AU9-Fits!$B$133)) | CG9: =IF($AU9="","",$AU9^2) | CH9: =IF($AW9="","",1) | CI9: =IF($AW9="","",$AW9-Fits!$B$153) | CJ9: =IF($AW9="","",($AX9-(Fits!$B$63*$AW9+Fits!$B$64))-Fits!$B$63*($AW9-Fits!$B$153)) | CK9: =IF($AW9="","",$AW9^2) | CL9: =IF(OR($Z9="",Fits!$B$55<3,Fits!$B$133="",Fits!$B$134="",Fits!$B$134=0,Fits!$B$136=""),"",SQRT((Fits!$B$136*Fits!$B$56)^2+SUMPRODUCT((Fits!$J$163:$J$175*(Fits!$B$163:$B$175/Fits!$B$55+Fits!$H$163:$H$175*($Z9-Fits!$B$133)/Fits!$B$134))^2)+SUMPRODUCT((Fits!$G$163:$G$175*(($Z9-Fits!$B$133)*Fits!$I$163:$I$175/Fits!$B$134-Fits!$B$163:$B$175*Fits!$B$56/Fits!$B$55))^2))) -> 0.19096136 | CM9: =IF($CL9="","",Setup!$B$32*$CL9) -> 0.38192272 | CN9: =IF(OR($AE9="",Fits!$B$62<3,Fits!$B$153="",Fits!$B$154="",Fits!$B$154=0,Fits!$B$156=""),"",SQRT((Fits!$B$156*Fits!$B$63)^2+SUMPRODUCT((Fits!$J$183:$J$195*(Fits!$B$183:$B$195/Fits!$B$62+Fits!$H$183:$H$195*($AE9-Fits!$B$153)/Fits!$B$154))^2)+SUMPRODUCT((Fits!$G$183:$G$195*(($AE9-Fits!$B$153)*Fits!$I$183:$I$195/Fits!$B$154-Fits!$B$183:$B$195*Fits!$B$63/Fits!$B$62))^2))) | CO9: =IF($CN9="","",Setup!$B$32*$CN9) | CP9: =IF(OR(NOT(ISNUMBER($BJ9)),$EK9=1),$CP8,IF($BJ9<=Setup!$B$26,$CP8+1,0)) -> 0 | CQ9: =IF($BT9="","",$A9) -> 4 | CR9: =IF($BW9="","",$A9) -> 4 | CS9: =IF($B9="","",IF(Setup!$A$37="",0,IF(ISNUMBER(SEARCH(Setup!$A$37,$B9)),37,0))) -> 0 | CT9: =IF($B9="","",IF(Setup!$A$38="",0,IF(ISNUMBER(SEARCH(Setup!$A$38,$B9)),38,0))) -> 0 | CU9: =IF($B9="","",IF(Setup!$A$39="",0,IF(ISNUMBER(SEARCH(Setup!$A$39,$B9)),39,0))) -> 0 | CV9: =IF($B9="","",IF(Setup!$A$40="",0,IF(ISNUMBER(SEARCH(Setup!$A$40,$B9)),40,0))) -> 0 | CW9: =IF($B9="","",IF(Setup!$A$41="",0,IF(ISNUMBER(SEARCH(Setup!$A$41,$B9)),41,0))) -> 0 | CX9: =IF($B9="","",IF(Setup!$A$42="",0,IF(ISNUMBER(SEARCH(Setup!$A$42,$B9)),42,0))) -> 0 | CY9: =IF($B9="","",IF(Setup!$A$43="",0,IF(ISNUMBER(SEARCH(Setup!$A$43,$B9)),43,0))) -> 0 | CZ9: =IF($B9="","",IF(Setup!$A$44="",0,IF(ISNUMBER(SEARCH(Setup!$A$44,$B9)),44,0))) -> 0 | DA9: =IF($B9="","",IF(Setup!$A$45="",0,IF(ISNUMBER(SEARCH(Setup!$A$45,$B9)),45,0))) -> 45 | DB9: =IF($B9="","",IF(Setup!$A$46="",0,IF(ISNUMBER(SEARCH(Setup!$A$46,$B9)),46,0))) -> 0 | DC9: =IF($B9="","",IF(Setup!$A$47="",0,IF(ISNUMBER(SEARCH(Setup!$A$47,$B9)),47,0))) -> 0 | DD9: =IF($B9="","",IF(Setup!$A$48="",0,IF(ISNUMBER(SEARCH(Setup!$A$48,$B9)),48,0))) -> 0 | DE9: =IF($B9="","",IF(Setup!$A$49="",0,IF(ISNUMBER(SEARCH(Setup!$A$49,$B9)),49,0))) -> 0 | DF9: =IF($B9="",NA(),$A9) -> 4 | DG9: =IF($BI9="",NA(),$BI9) -> 31.8 | DH9: =IF($N9="",NA(),$N9) -> 35.2 | DI9: =IF(AND($D9="Drift",$N9<>""),$N9,NA()) -> #N/A | DJ9: =IF(AND($D9="Drift",$N9<>""),$N9,"") | DK9: =IF($DJ9="","",$A9) | DL9: =IF($AN9="",NA(),$AM9) -> #N/A | DM9: =IF($AN9="",NA(),$AN9) -> #N/A | DN9: =IF(AND($D9="Sample",$L9<>""),$L9,NA()) -> #N/A | DO9: =IF(AND($D9="Sample",$L9<>"",Fits!$B$98<>""),Fits!$B$98,NA()) -> #N/A | DP9: =IF($AS9="",NA(),$AS9) -> #N/A | DQ9: =IF(AND($D9="Drift",$AS9="",$X9<>""),$X9,NA()) -> #N/A | DR9: =IF(AND($D9="Drift",$Z9<>""),$Z9,NA()) -> #N/A | DS9: =IF(AND(OR($D9="Sample",$D9="Check"),$AA9<>""),$AA9,NA()) -> #N/A | DT9: =IF(OR($B9="",Fits!$B$138=""),NA(),Fits!$B$138) -> 1.76 | DU9: =IF(OR($B9="",Fits!$B$139=""),NA(),Fits!$B$139) -> 20.68 | DV9: =IF($BT9="",NA(),$BT9) -> -1.133 | DW9: =IF($AP9="",NA(),$AO9) -> #N/A | DX9: =IF($AP9="",NA(),$AP9) -> #N/A | DY9: =IF(AND($D9="Sample",$P9<>""),$P9,NA()) -> #N/A | DZ9: =IF(AND($D9="Sample",$P9<>"",Fits!$B$105<>""),Fits!$B$105,NA()) -> #N/A | EA9: =IF($AT9="",NA(),$AT9) -> #N/A | EB9: =IF(AND($D9="Drift",$AT9="",$AC9<>""),$AC9,NA()) -> #N/A | EC9: =IF(AND($D9="Drift",$AE9<>""),$AE9,NA()) -> #N/A | ED9: =IF(AND(OR($D9="Sample",$D9="Check"),$AF9<>""),$AF9,NA()) -> #N/A | EE9: =IF(OR($B9="",Fits!$B$158=""),NA(),Fits!$B$158) -> -40.81 | EF9: =IF(OR($B9="",Fits!$B$159=""),NA(),Fits!$B$159) -> -20.29 | EG9: =IF($BW9="",NA(),$BW9) -> -25.478 | EH9: =IF(AND($EN9=1,ISNUMBER($N9)),$N9,NA()) -> #N/A | EI9: =IF($B9="","",$A9) -> 4 | EJ9: =IF(OR(AND(ISNUMBER($L9),Fits!$B$97>0,$L9>Fits!$B$97),AND(ISNUMBER($P9),Fits!$B$104>0,$P9>Fits!$B$104)),1,0) -> 0 | EK9: =IF(OR($EJ8=1,$EJ7=1),1,0) -> 1 | EL9: =IF(AND($EK9=0,ISNUMBER($N9)),$N9,$EL8) -> 37.2 | EM9: =IF(AND($EK9=1,ISNUMBER($N9),ISNUMBER($EL9)),$N9-$EL9,"") -> -2 | EN9: =IF(Setup!$B$28="",0,IF(ISNUMBER($EM9),IF($EM9>Setup!$B$28,1,0),0)) -> 0 | EO9: =IF($EN9=1,COUNTIF($EN$6:$EN9,1),"") | EP9: =IF(AND($EJ8=1,OR($D9="Sample",$D9="Check")),1,0) -> 0 | EQ9: =IF(ISNUMBER($BI9),IF(COUNT($BI$6:$BI9)<=5,$BI9,""),"") -> 31.8 | ER9: =IF(OR(NOT(ISNUMBER($BJ9)),$EK9=1),$ER8,IF($BJ9<=Setup!$B$26,IF($CP8=0,$A9,$ER8),""))
A10: 5 | B10: =IFERROR(INDEX(Raw!$B$2:$B$1001,MATCH($A10,Raw!$A$2:$A$1001,0)),"") -> Blank Capsule | C10: =IF($B10="","",MAX($CS10:$DE10)) -> 45 | D10: =IF($B10="","",IF($C10=0,"Sample",INDEX(Setup!$B$37:$B$49,$C10-36))) -> Blank | E10: =IF($B10="","",IFERROR(IF(INDEX(Raw!$E$2:$E$1001,MATCH($A10,Raw!$A$2:$A$1001,0))=0,"",INDEX(Raw!$E$2:$E$1001,MATCH($A10,Raw!$A$2:$A$1001,0))),"")) | G10: =IF($B10="","",IF($F10<>"",$F10,IF($E10="","",$E10))) | H10: =IF($B10="","",SUMPRODUCT(MAX((Raw!$A$2:$A$1001=$A10)*(Raw!$R$2:$R$1001="N")*Raw!$D$2:$D$1001))) -> 2 | I10: =IF(OR($H10="",$H10=0),"",$A10&"|N|"&$H10) -> 5|N|2 | J10: =IF($B10="","",SUMPRODUCT(MIN((Raw!$A$2:$A$1001=$A10)*(Raw!$R$2:$R$1001="C")*Raw!$D$2:$D$1001+(1-(Raw!$A$2:$A$1001=$A10)*(Raw!$R$2:$R$1001="C"))*9999))) -> 3 | K10: =IF(OR($J10="",$J10=0,$J10=9999),"",$A10&"|C|"&$J10) -> 5|C|3 | L10: =IF($I10="","",IF(INDEX(Raw!$I$2:$I$1001,MATCH($I10,Raw!$S$2:$S$1001,0))<>0,"",INDEX(Raw!$H$2:$H$1001,MATCH($I10,Raw!$S$2:$S$1001,0)))) | M10: =IF($I10="","",IF(INDEX(Raw!$I$2:$I$1001,MATCH($I10,Raw!$S$2:$S$1001,0))<>0,"",INDEX(Raw!$F$2:$F$1001,MATCH($I10,Raw!$S$2:$S$1001,0)))) | N10: =IF($I10="","",IF(INDEX(Raw!$I$2:$I$1001,MATCH($I10,Raw!$S$2:$S$1001,0))<>0,"",INDEX(Raw!$G$2:$G$1001,MATCH($I10,Raw!$S$2:$S$1001,0)))) | O10: =IF($I10="","",IF(INDEX(Raw!$I$2:$I$1001,MATCH($I10,Raw!$S$2:$S$1001,0))<>0,"",INDEX(Raw!$N$2:$N$1001,MATCH($I10,Raw!$S$2:$S$1001,0)))) | P10: =IF($K10="","",IF(INDEX(Raw!$I$2:$I$1001,MATCH($K10,Raw!$S$2:$S$1001,0))<>0,"",INDEX(Raw!$K$2:$K$1001,MATCH($K10,Raw!$S$2:$S$1001,0)))) | Q10: =IF($K10="","",IF(INDEX(Raw!$I$2:$I$1001,MATCH($K10,Raw!$S$2:$S$1001,0))<>0,"",INDEX(Raw!$J$2:$J$1001,MATCH($K10,Raw!$S$2:$S$1001,0)))) | R10: =IF($K10="","",IF(INDEX(Raw!$I$2:$I$1001,MATCH($K10,Raw!$S$2:$S$1001,0))<>0,"",INDEX(Raw!$O$2:$O$1001,MATCH($K10,Raw!$S$2:$S$1001,0)))) | S10: =IF($B10="","",IF($C10=0,"",IF(INDEX(Setup!$D$37:$D$49,$C10-36)="","",INDEX(Setup!$D$37:$D$49,$C10-36)))) | T10: =IF($B10="","",IF($C10=0,"",IF(INDEX(Setup!$C$37:$C$49,$C10-36)="","",INDEX(Setup!$C$37:$C$49,$C10-36)))) | U10: =IF($B10="","",IF($C10=0,"",IF(INDEX(Setup!$F$37:$F$49,$C10-36)="","",INDEX(Setup!$F$37:$F$49,$C10-36)))) | V10: =IF($B10="","",IF($C10=0,"",IF(INDEX(Setup!$E$37:$E$49,$C10-36)="","",INDEX(Setup!$E$37:$E$49,$C10-36)))) | W10: =IF($O10="","",IF(OR(Fits!$C$5<>"Yes",$D10="Blank",$L10<=Fits!$B$6),$O10,($L10*$O10-Fits!$B$6*Fits!$B$7)/($L10-Fits!$B$6))) | X10: =IF($W10="","",$W10-Fits!$B$20*($L10-Fits!$B$16)) | Y10: =IF($W10="","",IF(OR(Fits!$B$38="Row",$BI10=""),$A10,$BI10)) | Z10: =IF($X10="","",$X10-Fits!$B$39*($Y10-Fits!$B$40)) | AA10: =IF(OR($Z10="",Fits!$B$55<2),"",Fits!$B$56*$Z10+Fits!$B$57) | AB10: =IF($R10="","",IF(OR(Fits!$C$9<>"Yes",$D10="Blank",$P10<=Fits!$B$10),$R10,($P10*$R10-Fits!$B$10*Fits!$B$11)/($P10-Fits!$B$10))) | AC10: =IF($AB10="","",$AB10-Fits!$B$28*($P10-Fits!$B$24)) | AD10: =IF($AB10="","",IF(OR(Fits!$B$50="Row",$BI10=""),$A10,$BI10)) | AE10: =IF($AC10="","",$AC10-Fits!$B$51*($AD10-Fits!$B$52)) | AF10: =IF(OR($AE10="",Fits!$B$62<2),"",Fits!$B$63*$AE10+Fits!$B$64) | AG10: =IF(OR($L10="",Fits!$B$69<3),"",($L10-Fits!$B$71)/Fits!$B$70) | AH10: =IF(OR($P10="",Fits!$B$75<3),"",($P10-Fits!$B$77)/Fits!$B$76) | AI10: =IF(OR($AG10="",$G10="",$G10=0),"",$AG10/($G10*1000)*100) | AJ10: =IF(OR($AH10="",$G10="",$G10=0),"",$AH10/($G10*1000)*100) | AK10: =IF(OR($AG10="",$AH10="",$AG10<=0),"",($AH10/Setup!$B$52)/($AG10/Setup!$B$53)) | AL10: =IF(OR($AG10="",$AH10="",$AG10<=0),"",$AH10/$AG10) | AM10: =IF($D10="Linearity",IF($L10="","",$L10),"") | AN10: =IF($D10="Linearity",IF($W10="","",$W10),"") | AO10: =IF($D10="Linearity",IF($P10="","",$P10),"") | AP10: =IF($D10="Linearity",IF($AB10="","",$AB10),"") | AQ10: =IF($D10="Drift",IF($A10<IF(Setup!$B$14="",0,Setup!$B$14),"",$A10),"") | AR10: =IF($D10="Drift",IF($A10<IF(Setup!$B$14="",0,Setup!$B$14),"",IF($BI10="","",$BI10)),"") | AS10: =IF($D10="Drift",IF($A10<IF(Setup!$B$14="",0,Setup!$B$14),"",IF(OR($X10="",$BX10=1),"",$X10)),"") | AT10: =IF($D10="Drift",IF($A10<IF(Setup!$B$14="",0,Setup!$B$14),"",IF(OR($AC10="",$BY10=1),"",$AC10)),"") | AU10: =IF($D10="Anchor",IF(OR($Z10="",$S10=""),"",$Z10),"") | AV10: =IF($D10="Anchor",IF(OR($Z10="",$S10=""),"",$S10),"") | AW10: =IF($D10="Anchor",IF(OR($AE10="",$T10=""),"",$AE10),"") | AX10: =IF($D10="Anchor",IF(OR($AE10="",$T10=""),"",$T10),"") | AY10: =IF(OR($D10="Blank",$D10="Exclude",$D10="Sample",$D10="",$G10="",$U10="",$L10=""),"",$G10*1000*$U10/100) | AZ10: =IF($AY10="","",$L10) | BA10: =IF(OR($D10="Blank",$D10="Exclude",$D10="Sample",$D10="",$G10="",$V10="",$P10=""),"",$G10*1000*$V10/100) | BB10: =IF($BA10="","",$P10) | BC10: =IF(AND($D10="Blank",$L10<>""),$O10,"") | BD10: =IF($BC10="","",$L10) | BE10: =IF(AND($D10="Blank",$P10<>""),$R10,"") | BF10: =IF($BE10="","",$P10) | BG10: =IF(AND($D10="Drift",$BX10<>1),IF($AA10="","",$AA10),"") | BH10: =IF(AND($D10="Drift",$BY10<>1),IF($AF10="","",$AF10),"") | BI10: =IF($B10="","",IFERROR(INDEX(Raw!$G$2:$G$1001,MATCH($A10&"|N|"&SUMPRODUCT(MAX((Raw!$A$2:$A$1001=$A10)*(Raw!$R$2:$R$1001="N")*(Raw!$I$2:$I$1001=1)*Raw!$D$2:$D$1001)),Raw!$S$2:$S$1001,0)),"")) -> 30.8 | BJ10: =IF(OR($BI10="",Fits!$B$85<=0),"",($BI10-Fits!$B$83)/Fits!$B$85) -> 0.69369369 | BK10: =IF($AS10="","",IF($A10>=Fits!$B$86,"",$A10)) | BL10: =IF($BK10="","",$X10) | BM10: =IF($AS10="","",IF($A10<Fits!$B$86,"",$A10)) | BN10: =IF($BM10="","",$X10) | BO10: =IF(AND($D10="Drift",$BX10<>1),IF($O10="","",$O10),"") | BP10: =IF(AND($D10="Drift",$BX10<>1),IF($W10="","",$W10),"") | BQ10: =IF(AND($D10="Drift",$BX10<>1),IF($X10="","",$X10),"") | BR10: =IF(AND($D10="Drift",$BX10<>1),IF($Z10="","",$Z10),"") | BS10: =IF(OR($B10="",$H10=""),"",SUMPRODUCT(MIN((Raw!$A$2:$A$1001=$A10)*(Raw!$R$2:$R$1001="N")*(Raw!$I$2:$I$1001=0)*(Raw!$D$2:$D$1001<$H10)*Raw!$D$2:$D$1001+(1-(Raw!$A$2:$A$1001=$A10)*(Raw!$R$2:$R$1001="N")*(Raw!$I$2:$I$1001=0)*(Raw!$D$2:$D$1001<$H10))*9999))) -> 1 | BT10: =IF(OR($BS10="",$BS10=9999,$BS10=0),"",IFERROR(INDEX(Raw!$N$2:$N$1001,MATCH($A10&"|N|"&$BS10,Raw!$S$2:$S$1001,0)),"")) -> -1.071 | BU10: =IF($B10="","",SUMPRODUCT(MIN((Raw!$A$2:$A$1001=$A10)*(Raw!$R$2:$R$1001="C")*(Raw!$I$2:$I$1001=1)*Raw!$D$2:$D$1001+(1-(Raw!$A$2:$A$1001=$A10)*(Raw!$R$2:$R$1001="C")*(Raw!$I$2:$I$1001=1))*9999))) -> 3 | BV10: =IF(OR($BU10="",$BU10=9999),"",SUMPRODUCT(MIN((Raw!$A$2:$A$1001=$A10)*(Raw!$R$2:$R$1001="C")*(Raw!$I$2:$I$1001=0)*(Raw!$D$2:$D$1001>$BU10)*Raw!$D$2:$D$1001+(1-(Raw!$A$2:$A$1001=$A10)*(Raw!$R$2:$R$1001="C")*(Raw!$I$2:$I$1001=0)*(Raw!$D$2:$D$1001>$BU10))*9999))) -> 4 | BW10: =IF(OR($BV10="",$BV10=9999,$BV10=0),"",IFERROR(INDEX(Raw!$O$2:$O$1001,MATCH($A10&"|C|"&$BV10,Raw!$S$2:$S$1001,0)),"")) -> -25.535 | BX10: =IF($B10="","",IF(ISNUMBER(SEARCH(","&$A10&",",","&SUBSTITUTE(Setup!$B$16," ","")&",")),1,0)) -> 0 | BY10: =IF($B10="","",IF(ISNUMBER(SEARCH(","&$A10&",",","&SUBSTITUTE(Setup!$B$17," ","")&",")),1,0)) -> 0 | BZ10: =IF($AS10="","",IF(Fits!$B$38="Row",$AQ10,IF($AR10="","",$AR10))) | CA10: =IF($AT10="","",IF(Fits!$B$50="Row",$AQ10,IF($AR10="","",$AR10))) | CB10: =IF(OR($D10<>"Drift",$X10="",$A10<IF(Setup!$B$14="",0,Setup!$B$14),Fits!$B$107<3,Fits!$B$110="",Fits!$B$109=0,IF(Fits!$B$38="Row",$AQ10,$AR10)=""),"",IF($BX10=1,IF(OR(Fits!$B$111="",Fits!$B$111=0),"",($X10-(IF(Fits!$B$38="Row",Fits!$B$32,Fits!$B$35)*IF(Fits!$B$38="Row",$AQ10,$AR10)+Fits!$B$110))/(Fits!$B$111*SQRT(1+(1/Fits!$B$107+(IF(Fits!$B$38="Row",$AQ10,$AR10)-Fits!$B$108)^2/Fits!$B$109)))),IF(OR(Fits!$B$107<4,(1/Fits!$B$107+(IF(Fits!$B$38="Row",$AQ10,$AR10)-Fits!$B$108)^2/Fits!$B$109)>=1),"",IF((Fits!$B$116-($X10-(IF(Fits!$B$38="Row",Fits!$B$32,Fits!$B$35)*IF(Fits!$B$38="Row",$AQ10,$AR10)+Fits!$B$110))^2/(1-(1/Fits!$B$107+(IF(Fits!$B$38="Row",$AQ10,$AR10)-Fits!$B$108)^2/Fits!$B$109)))<=0,"",($X10-(IF(Fits!$B$38="Row",Fits!$B$32,Fits!$B$35)*IF(Fits!$B$38="Row",$AQ10,$AR10)+Fits!$B$110))/(SQRT((Fits!$B$116-($X10-(IF(Fits!$B$38="Row",Fits!$B$32,Fits!$B$35)*IF(Fits!$B$38="Row",$AQ10,$AR10)+Fits!$B$110))^2/(1-(1/Fits!$B$107+(IF(Fits!$B$38="Row",$AQ10,$AR10)-Fits!$B$108)^2/Fits!$B$109)))/(Fits!$B$107-3))*SQRT(1-(1/Fits!$B$107+(IF(Fits!$B$38="Row",$AQ10,$AR10)-Fits!$B$108)^2/Fits!$B$109))))))) | CC10: =IF(OR($D10<>"Drift",$AC10="",$A10<IF(Setup!$B$14="",0,Setup!$B$14),Fits!$B$120<3,Fits!$B$123="",Fits!$B$122=0,IF(Fits!$B$50="Row",$AQ10,$AR10)=""),"",IF($BY10=1,IF(OR(Fits!$B$124="",Fits!$B$124=0),"",($AC10-(IF(Fits!$B$50="Row",Fits!$B$44,Fits!$B$47)*IF(Fits!$B$50="Row",$AQ10,$AR10)+Fits!$B$123))/(Fits!$B$124*SQRT(1+(1/Fits!$B$120+(IF(Fits!$B$50="Row",$AQ10,$AR10)-Fits!$B$121)^2/Fits!$B$122)))),IF(OR(Fits!$B$120<4,(1/Fits!$B$120+(IF(Fits!$B$50="Row",$AQ10,$AR10)-Fits!$B$121)^2/Fits!$B$122)>=1),"",IF((Fits!$B$129-($AC10-(IF(Fits!$B$50="Row",Fits!$B$44,Fits!$B$47)*IF(Fits!$B$50="Row",$AQ10,$AR10)+Fits!$B$123))^2/(1-(1/Fits!$B$120+(IF(Fits!$B$50="Row",$AQ10,$AR10)-Fits!$B$121)^2/Fits!$B$122)))<=0,"",($AC10-(IF(Fits!$B$50="Row",Fits!$B$44,Fits!$B$47)*IF(Fits!$B$50="Row",$AQ10,$AR10)+Fits!$B$123))/(SQRT((Fits!$B$129-($AC10-(IF(Fits!$B$50="Row",Fits!$B$44,Fits!$B$47)*IF(Fits!$B$50="Row",$AQ10,$AR10)+Fits!$B$123))^2/(1-(1/Fits!$B$120+(IF(Fits!$B$50="Row",$AQ10,$AR10)-Fits!$B$121)^2/Fits!$B$122)))/(Fits!$B$120-3))*SQRT(1-(1/Fits!$B$120+(IF(Fits!$B$50="Row",$AQ10,$AR10)-Fits!$B$121)^2/Fits!$B$122))))))) | CD10: =IF($AU10="","",1) | CE10: =IF($AU10="","",$AU10-Fits!$B$133) | CF10: =IF($AU10="","",($AV10-(Fits!$B$56*$AU10+Fits!$B$57))-Fits!$B$56*($AU10-Fits!$B$133)) | CG10: =IF($AU10="","",$AU10^2) | CH10: =IF($AW10="","",1) | CI10: =IF($AW10="","",$AW10-Fits!$B$153) | CJ10: =IF($AW10="","",($AX10-(Fits!$B$63*$AW10+Fits!$B$64))-Fits!$B$63*($AW10-Fits!$B$153)) | CK10: =IF($AW10="","",$AW10^2) | CL10: =IF(OR($Z10="",Fits!$B$55<3,Fits!$B$133="",Fits!$B$134="",Fits!$B$134=0,Fits!$B$136=""),"",SQRT((Fits!$B$136*Fits!$B$56)^2+SUMPRODUCT((Fits!$J$163:$J$175*(Fits!$B$163:$B$175/Fits!$B$55+Fits!$H$163:$H$175*($Z10-Fits!$B$133)/Fits!$B$134))^2)+SUMPRODUCT((Fits!$G$163:$G$175*(($Z10-Fits!$B$133)*Fits!$I$163:$I$175/Fits!$B$134-Fits!$B$163:$B$175*Fits!$B$56/Fits!$B$55))^2))) | CM10: =IF($CL10="","",Setup!$B$32*$CL10) | CN10: =IF(OR($AE10="",Fits!$B$62<3,Fits!$B$153="",Fits!$B$154="",Fits!$B$154=0,Fits!$B$156=""),"",SQRT((Fits!$B$156*Fits!$B$63)^2+SUMPRODUCT((Fits!$J$183:$J$195*(Fits!$B$183:$B$195/Fits!$B$62+Fits!$H$183:$H$195*($AE10-Fits!$B$153)/Fits!$B$154))^2)+SUMPRODUCT((Fits!$G$183:$G$195*(($AE10-Fits!$B$153)*Fits!$I$183:$I$195/Fits!$B$154-Fits!$B$183:$B$195*Fits!$B$63/Fits!$B$62))^2))) | CO10: =IF($CN10="","",Setup!$B$32*$CN10) | CP10: =IF(OR(NOT(ISNUMBER($BJ10)),$EK10=1),$CP9,IF($BJ10<=Setup!$B$26,$CP9+1,0)) -> 0 | CQ10: =IF($BT10="","",$A10) -> 5 | CR10: =IF($BW10="","",$A10) -> 5 | CS10: =IF($B10="","",IF(Setup!$A$37="",0,IF(ISNUMBER(SEARCH(Setup!$A$37,$B10)),37,0))) -> 0 | CT10: =IF($B10="","",IF(Setup!$A$38="",0,IF(ISNUMBER(SEARCH(Setup!$A$38,$B10)),38,0))) -> 0 | CU10: =IF($B10="","",IF(Setup!$A$39="",0,IF(ISNUMBER(SEARCH(Setup!$A$39,$B10)),39,0))) -> 0 | CV10: =IF($B10="","",IF(Setup!$A$40="",0,IF(ISNUMBER(SEARCH(Setup!$A$40,$B10)),40,0))) -> 0 | CW10: =IF($B10="","",IF(Setup!$A$41="",0,IF(ISNUMBER(SEARCH(Setup!$A$41,$B10)),41,0))) -> 0 | CX10: =IF($B10="","",IF(Setup!$A$42="",0,IF(ISNUMBER(SEARCH(Setup!$A$42,$B10)),42,0))) -> 0 | CY10: =IF($B10="","",IF(Setup!$A$43="",0,IF(ISNUMBER(SEARCH(Setup!$A$43,$B10)),43,0))) -> 0 | CZ10: =IF($B10="","",IF(Setup!$A$44="",0,IF(ISNUMBER(SEARCH(Setup!$A$44,$B10)),44,0))) -> 0 | DA10: =IF($B10="","",IF(Setup!$A$45="",0,IF(ISNUMBER(SEARCH(Setup!$A$45,$B10)),45,0))) -> 45 | DB10: =IF($B10="","",IF(Setup!$A$46="",0,IF(ISNUMBER(SEARCH(Setup!$A$46,$B10)),46,0))) -> 0 | DC10: =IF($B10="","",IF(Setup!$A$47="",0,IF(ISNUMBER(SEARCH(Setup!$A$47,$B10)),47,0))) -> 0 | DD10: =IF($B10="","",IF(Setup!$A$48="",0,IF(ISNUMBER(SEARCH(Setup!$A$48,$B10)),48,0))) -> 0 | DE10: =IF($B10="","",IF(Setup!$A$49="",0,IF(ISNUMBER(SEARCH(Setup!$A$49,$B10)),49,0))) -> 0 | DF10: =IF($B10="",NA(),$A10) -> 5 | DG10: =IF($BI10="",NA(),$BI10) -> 30.8 | DH10: =IF($N10="",NA(),$N10) -> #N/A | DI10: =IF(AND($D10="Drift",$N10<>""),$N10,NA()) -> #N/A | DJ10: =IF(AND($D10="Drift",$N10<>""),$N10,"") | DK10: =IF($DJ10="","",$A10) | DL10: =IF($AN10="",NA(),$AM10) -> #N/A | DM10: =IF($AN10="",NA(),$AN10) -> #N/A | DN10: =IF(AND($D10="Sample",$L10<>""),$L10,NA()) -> #N/A | DO10: =IF(AND($D10="Sample",$L10<>"",Fits!$B$98<>""),Fits!$B$98,NA()) -> #N/A | DP10: =IF($AS10="",NA(),$AS10) -> #N/A | DQ10: =IF(AND($D10="Drift",$AS10="",$X10<>""),$X10,NA()) -> #N/A | DR10: =IF(AND($D10="Drift",$Z10<>""),$Z10,NA()) -> #N/A | DS10: =IF(AND(OR($D10="Sample",$D10="Check"),$AA10<>""),$AA10,NA()) -> #N/A | DT10: =IF(OR($B10="",Fits!$B$138=""),NA(),Fits!$B$138) -> 1.76 | DU10: =IF(OR($B10="",Fits!$B$139=""),NA(),Fits!$B$139) -> 20.68 | DV10: =IF($BT10="",NA(),$BT10) -> -1.071 | DW10: =IF($AP10="",NA(),$AO10) -> #N/A | DX10: =IF($AP10="",NA(),$AP10) -> #N/A | DY10: =IF(AND($D10="Sample",$P10<>""),$P10,NA()) -> #N/A | DZ10: =IF(AND($D10="Sample",$P10<>"",Fits!$B$105<>""),Fits!$B$105,NA()) -> #N/A | EA10: =IF($AT10="",NA(),$AT10) -> #N/A | EB10: =IF(AND($D10="Drift",$AT10="",$AC10<>""),$AC10,NA()) -> #N/A | EC10: =IF(AND($D10="Drift",$AE10<>""),$AE10,NA()) -> #N/A | ED10: =IF(AND(OR($D10="Sample",$D10="Check"),$AF10<>""),$AF10,NA()) -> #N/A | EE10: =IF(OR($B10="",Fits!$B$158=""),NA(),Fits!$B$158) -> -40.81 | EF10: =IF(OR($B10="",Fits!$B$159=""),NA(),Fits!$B$159) -> -20.29 | EG10: =IF($BW10="",NA(),$BW10) -> -25.535 | EH10: =IF(AND($EN10=1,ISNUMBER($N10)),$N10,NA()) -> #N/A | EI10: =IF($B10="","",$A10) -> 5 | EJ10: =IF(OR(AND(ISNUMBER($L10),Fits!$B$97>0,$L10>Fits!$B$97),AND(ISNUMBER($P10),Fits!$B$104>0,$P10>Fits!$B$104)),1,0) -> 0 | EK10: =IF(OR($EJ9=1,$EJ8=1),1,0) -> 0 | EL10: =IF(AND($EK10=0,ISNUMBER($N10)),$N10,$EL9) -> 37.2 | EM10: =IF(AND($EK10=1,ISNUMBER($N10),ISNUMBER($EL10)),$N10-$EL10,"") | EN10: =IF(Setup!$B$28="",0,IF(ISNUMBER($EM10),IF($EM10>Setup!$B$28,1,0),0)) -> 0 | EO10: =IF($EN10=1,COUNTIF($EN$6:$EN10,1),"") | EP10: =IF(AND($EJ9=1,OR($D10="Sample",$D10="Check")),1,0) -> 0 | EQ10: =IF(ISNUMBER($BI10),IF(COUNT($BI$6:$BI10)<=5,$BI10,""),"") -> 30.8 | ER10: =IF(OR(NOT(ISNUMBER($BJ10)),$EK10=1),$ER9,IF($BJ10<=Setup!$B$26,IF($CP9=0,$A10,$ER9),""))
A11: 6 | B11: =IFERROR(INDEX(Raw!$B$2:$B$1001,MATCH($A11,Raw!$A$2:$A$1001,0)),"") -> Ace Lin1 | C11: =IF($B11="","",MAX($CS11:$DE11)) -> 42 | D11: =IF($B11="","",IF($C11=0,"Sample",INDEX(Setup!$B$37:$B$49,$C11-36))) -> Linearity | E11: =IF($B11="","",IFERROR(IF(INDEX(Raw!$E$2:$E$1001,MATCH($A11,Raw!$A$2:$A$1001,0))=0,"",INDEX(Raw!$E$2:$E$1001,MATCH($A11,Raw!$A$2:$A$1001,0))),"")) -> 0.126 | G11: =IF($B11="","",IF($F11<>"",$F11,IF($E11="","",$E11))) -> 0.126 | H11: =IF($B11="","",SUMPRODUCT(MAX((Raw!$A$2:$A$1001=$A11)*(Raw!$R$2:$R$1001="N")*Raw!$D$2:$D$1001))) -> 3 | I11: =IF(OR($H11="",$H11=0),"",$A11&"|N|"&$H11) -> 6|N|3 | J11: =IF($B11="","",SUMPRODUCT(MIN((Raw!$A$2:$A$1001=$A11)*(Raw!$R$2:$R$1001="C")*Raw!$D$2:$D$1001+(1-(Raw!$A$2:$A$1001=$A11)*(Raw!$R$2:$R$1001="C"))*9999))) -> 4 | K11: =IF(OR($J11="",$J11=0,$J11=9999),"",$A11&"|C|"&$J11) -> 6|C|4 | L11: =IF($I11="","",IF(INDEX(Raw!$I$2:$I$1001,MATCH($I11,Raw!$S$2:$S$1001,0))<>0,"",INDEX(Raw!$H$2:$H$1001,MATCH($I11,Raw!$S$2:$S$1001,0)))) -> 8.889 | M11: =IF($I11="","",IF(INDEX(Raw!$I$2:$I$1001,MATCH($I11,Raw!$S$2:$S$1001,0))<>0,"",INDEX(Raw!$F$2:$F$1001,MATCH($I11,Raw!$S$2:$S$1001,0)))) -> 466 | N11: =IF($I11="","",IF(INDEX(Raw!$I$2:$I$1001,MATCH($I11,Raw!$S$2:$S$1001,0))<>0,"",INDEX(Raw!$G$2:$G$1001,MATCH($I11,Raw!$S$2:$S$1001,0)))) -> 33.1 | O11: =IF($I11="","",IF(INDEX(Raw!$I$2:$I$1001,MATCH($I11,Raw!$S$2:$S$1001,0))<>0,"",INDEX(Raw!$N$2:$N$1001,MATCH($I11,Raw!$S$2:$S$1001,0)))) -> -3.024 | P11: =IF($K11="","",IF(INDEX(Raw!$I$2:$I$1001,MATCH($K11,Raw!$S$2:$S$1001,0))<>0,"",INDEX(Raw!$K$2:$K$1001,MATCH($K11,Raw!$S$2:$S$1001,0)))) -> 37.895 | Q11: =IF($K11="","",IF(INDEX(Raw!$I$2:$I$1001,MATCH($K11,Raw!$S$2:$S$1001,0))<>0,"",INDEX(Raw!$J$2:$J$1001,MATCH($K11,Raw!$S$2:$S$1001,0)))) -> 1684 | R11: =IF($K11="","",IF(INDEX(Raw!$I$2:$I$1001,MATCH($K11,Raw!$S$2:$S$1001,0))<>0,"",INDEX(Raw!$O$2:$O$1001,MATCH($K11,Raw!$S$2:$S$1001,0)))) -> -9.666 | S11: =IF($B11="","",IF($C11=0,"",IF(INDEX(Setup!$D$37:$D$49,$C11-36)="","",INDEX(Setup!$D$37:$D$49,$C11-36)))) | T11: =IF($B11="","",IF($C11=0,"",IF(INDEX(Setup!$C$37:$C$49,$C11-36)="","",INDEX(Setup!$C$37:$C$49,$C11-36)))) | U11: =IF($B11="","",IF($C11=0,"",IF(INDEX(Setup!$F$37:$F$49,$C11-36)="","",INDEX(Setup!$F$37:$F$49,$C11-36)))) -> 10.36 | V11: =IF($B11="","",IF($C11=0,"",IF(INDEX(Setup!$E$37:$E$49,$C11-36)="","",INDEX(Setup!$E$37:$E$49,$C11-36)))) -> 71.09 | W11: =IF($O11="","",IF(OR(Fits!$C$5<>"Yes",$D11="Blank",$L11<=Fits!$B$6),$O11,($L11*$O11-Fits!$B$6*Fits!$B$7)/($L11-Fits!$B$6))) -> -3.024 | X11: =IF($W11="","",$W11-Fits!$B$20*($L11-Fits!$B$16)) -> -3.024 | Y11: =IF($W11="","",IF(OR(Fits!$B$38="Row",$BI11=""),$A11,$BI11)) -> 6 | Z11: =IF($X11="","",$X11-Fits!$B$39*($Y11-Fits!$B$40)) -> -3.4337169 | AA11: =IF(OR($Z11="",Fits!$B$55<2),"",Fits!$B$56*$Z11+Fits!$B$57) -> -2.497777 | AB11: =IF($R11="","",IF(OR(Fits!$C$9<>"Yes",$D11="Blank",$P11<=Fits!$B$10),$R11,($P11*$R11-Fits!$B$10*Fits!$B$11)/($P11-Fits!$B$10))) -> -9.666 | AC11: =IF($AB11="","",$AB11-Fits!$B$28*($P11-Fits!$B$24)) -> -9.5106268 | AD11: =IF($AB11="","",IF(OR(Fits!$B$50="Row",$BI11=""),$A11,$BI11)) -> 6 | AE11: =IF($AC11="","",$AC11-Fits!$B$51*($AD11-Fits!$B$52)) -> -9.4384916 | AF11: =IF(OR($AE11="",Fits!$B$62<2),"",Fits!$B$63*$AE11+Fits!$B$64) -> -26.564293 | AG11: =IF(OR($L11="",Fits!$B$69<3),"",($L11-Fits!$B$71)/Fits!$B$70) -> 11.404998 | AH11: =IF(OR($P11="",Fits!$B$75<3),"",($P11-Fits!$B$77)/Fits!$B$76) -> 82.330572 | AI11: =IF(OR($AG11="",$G11="",$G11=0),"",$AG11/($G11*1000)*100) -> 9.0515854 | AJ11: =IF(OR($AH11="",$G11="",$G11=0),"",$AH11/($G11*1000)*100) -> 65.341724 | AK11: =IF(OR($AG11="",$AH11="",$AG11<=0),"",($AH11/Setup!$B$52)/($AG11/Setup!$B$53)) -> 8.4184454 | AL11: =IF(OR($AG11="",$AH11="",$AG11<=0),"",$AH11/$AG11) -> 7.2188154 | AM11: =IF($D11="Linearity",IF($L11="","",$L11),"") -> 8.889 | AN11: =IF($D11="Linearity",IF($W11="","",$W11),"") -> -3.024 | AO11: =IF($D11="Linearity",IF($P11="","",$P11),"") -> 37.895 | AP11: =IF($D11="Linearity",IF($AB11="","",$AB11),"") -> -9.666 | AQ11: =IF($D11="Drift",IF($A11<IF(Setup!$B$14="",0,Setup!$B$14),"",$A11),"") | AR11: =IF($D11="Drift",IF($A11<IF(Setup!$B$14="",0,Setup!$B$14),"",IF($BI11="","",$BI11)),"") | AS11: =IF($D11="Drift",IF($A11<IF(Setup!$B$14="",0,Setup!$B$14),"",IF(OR($X11="",$BX11=1),"",$X11)),"") | AT11: =IF($D11="Drift",IF($A11<IF(Setup!$B$14="",0,Setup!$B$14),"",IF(OR($AC11="",$BY11=1),"",$AC11)),"") | AU11: =IF($D11="Anchor",IF(OR($Z11="",$S11=""),"",$Z11),"") | AV11: =IF($D11="Anchor",IF(OR($Z11="",$S11=""),"",$S11),"") | AW11: =IF($D11="Anchor",IF(OR($AE11="",$T11=""),"",$AE11),"") | AX11: =IF($D11="Anchor",IF(OR($AE11="",$T11=""),"",$T11),"") | AY11: =IF(OR($D11="Blank",$D11="Exclude",$D11="Sample",$D11="",$G11="",$U11="",$L11=""),"",$G11*1000*$U11/100) -> 13.0536 | AZ11: =IF($AY11="","",$L11) -> 8.889 | BA11: =IF(OR($D11="Blank",$D11="Exclude",$D11="Sample",$D11="",$G11="",$V11="",$P11=""),"",$G11*1000*$V11/100) -> 89.5734 | BB11: =IF($BA11="","",$P11) -> 37.895 | BC11: =IF(AND($D11="Blank",$L11<>""),$O11,"") | BD11: =IF($BC11="","",$L11) | BE11: =IF(AND($D11="Blank",$P11<>""),$R11,"") | BF11: =IF($BE11="","",$P11) | BG11: =IF(AND($D11="Drift",$BX11<>1),IF($AA11="","",$AA11),"") | BH11: =IF(AND($D11="Drift",$BY11<>1),IF($AF11="","",$AF11),"") | BI11: =IF($B11="","",IFERROR(INDEX(Raw!$G$2:$G$1001,MATCH($A11&"|N|"&SUMPRODUCT(MAX((Raw!$A$2:$A$1001=$A11)*(Raw!$R$2:$R$1001="N")*(Raw!$I$2:$I$1001=1)*Raw!$D$2:$D$1001)),Raw!$S$2:$S$1001,0)),"")) -> 30 | BJ11: =IF(OR($BI11="",Fits!$B$85<=0),"",($BI11-Fits!$B$83)/Fits!$B$85) -> 0.62162162 | BK11: =IF($AS11="","",IF($A11>=Fits!$B$86,"",$A11)) | BL11: =IF($BK11="","",$X11) | BM11: =IF($AS11="","",IF($A11<Fits!$B$86,"",$A11)) | BN11: =IF($BM11="","",$X11) | BO11: =IF(AND($D11="Drift",$BX11<>1),IF($O11="","",$O11),"") | BP11: =IF(AND($D11="Drift",$BX11<>1),IF($W11="","",$W11),"") | BQ11: =IF(AND($D11="Drift",$BX11<>1),IF($X11="","",$X11),"") | BR11: =IF(AND($D11="Drift",$BX11<>1),IF($Z11="","",$Z11),"") | BS11: =IF(OR($B11="",$H11=""),"",SUMPRODUCT(MIN((Raw!$A$2:$A$1001=$A11)*(Raw!$R$2:$R$1001="N")*(Raw!$I$2:$I$1001=0)*(Raw!$D$2:$D$1001<$H11)*Raw!$D$2:$D$1001+(1-(Raw!$A$2:$A$1001=$A11)*(Raw!$R$2:$R$1001="N")*(Raw!$I$2:$I$1001=0)*(Raw!$D$2:$D$1001<$H11))*9999))) -> 1 | BT11: =IF(OR($BS11="",$BS11=9999,$BS11=0),"",IFERROR(INDEX(Raw!$N$2:$N$1001,MATCH($A11&"|N|"&$BS11,Raw!$S$2:$S$1001,0)),"")) -> -1.207 | BU11: =IF($B11="","",SUMPRODUCT(MIN((Raw!$A$2:$A$1001=$A11)*(Raw!$R$2:$R$1001="C")*(Raw!$I$2:$I$1001=1)*Raw!$D$2:$D$1001+(1-(Raw!$A$2:$A$1001=$A11)*(Raw!$R$2:$R$1001="C")*(Raw!$I$2:$I$1001=1))*9999))) -> 5 | BV11: =IF(OR($BU11="",$BU11=9999),"",SUMPRODUCT(MIN((Raw!$A$2:$A$1001=$A11)*(Raw!$R$2:$R$1001="C")*(Raw!$I$2:$I$1001=0)*(Raw!$D$2:$D$1001>$BU11)*Raw!$D$2:$D$1001+(1-(Raw!$A$2:$A$1001=$A11)*(Raw!$R$2:$R$1001="C")*(Raw!$I$2:$I$1001=0)*(Raw!$D$2:$D$1001>$BU11))*9999))) -> 6 | BW11: =IF(OR($BV11="",$BV11=9999,$BV11=0),"",IFERROR(INDEX(Raw!$O$2:$O$1001,MATCH($A11&"|C|"&$BV11,Raw!$S$2:$S$1001,0)),"")) -> -25.438 | BX11: =IF($B11="","",IF(ISNUMBER(SEARCH(","&$A11&",",","&SUBSTITUTE(Setup!$B$16," ","")&",")),1,0)) -> 0 | BY11: =IF($B11="","",IF(ISNUMBER(SEARCH(","&$A11&",",","&SUBSTITUTE(Setup!$B$17," ","")&",")),1,0)) -> 0 | BZ11: =IF($AS11="","",IF(Fits!$B$38="Row",$AQ11,IF($AR11="","",$AR11))) | CA11: =IF($AT11="","",IF(Fits!$B$50="Row",$AQ11,IF($AR11="","",$AR11))) | CB11: =IF(OR($D11<>"Drift",$X11="",$A11<IF(Setup!$B$14="",0,Setup!$B$14),Fits!$B$107<3,Fits!$B$110="",Fits!$B$109=0,IF(Fits!$B$38="Row",$AQ11,$AR11)=""),"",IF($BX11=1,IF(OR(Fits!$B$111="",Fits!$B$111=0),"",($X11-(IF(Fits!$B$38="Row",Fits!$B$32,Fits!$B$35)*IF(Fits!$B$38="Row",$AQ11,$AR11)+Fits!$B$110))/(Fits!$B$111*SQRT(1+(1/Fits!$B$107+(IF(Fits!$B$38="Row",$AQ11,$AR11)-Fits!$B$108)^2/Fits!$B$109)))),IF(OR(Fits!$B$107<4,(1/Fits!$B$107+(IF(Fits!$B$38="Row",$AQ11,$AR11)-Fits!$B$108)^2/Fits!$B$109)>=1),"",IF((Fits!$B$116-($X11-(IF(Fits!$B$38="Row",Fits!$B$32,Fits!$B$35)*IF(Fits!$B$38="Row",$AQ11,$AR11)+Fits!$B$110))^2/(1-(1/Fits!$B$107+(IF(Fits!$B$38="Row",$AQ11,$AR11)-Fits!$B$108)^2/Fits!$B$109)))<=0,"",($X11-(IF(Fits!$B$38="Row",Fits!$B$32,Fits!$B$35)*IF(Fits!$B$38="Row",$AQ11,$AR11)+Fits!$B$110))/(SQRT((Fits!$B$116-($X11-(IF(Fits!$B$38="Row",Fits!$B$32,Fits!$B$35)*IF(Fits!$B$38="Row",$AQ11,$AR11)+Fits!$B$110))^2/(1-(1/Fits!$B$107+(IF(Fits!$B$38="Row",$AQ11,$AR11)-Fits!$B$108)^2/Fits!$B$109)))/(Fits!$B$107-3))*SQRT(1-(1/Fits!$B$107+(IF(Fits!$B$38="Row",$AQ11,$AR11)-Fits!$B$108)^2/Fits!$B$109))))))) | CC11: =IF(OR($D11<>"Drift",$AC11="",$A11<IF(Setup!$B$14="",0,Setup!$B$14),Fits!$B$120<3,Fits!$B$123="",Fits!$B$122=0,IF(Fits!$B$50="Row",$AQ11,$AR11)=""),"",IF($BY11=1,IF(OR(Fits!$B$124="",Fits!$B$124=0),"",($AC11-(IF(Fits!$B$50="Row",Fits!$B$44,Fits!$B$47)*IF(Fits!$B$50="Row",$AQ11,$AR11)+Fits!$B$123))/(Fits!$B$124*SQRT(1+(1/Fits!$B$120+(IF(Fits!$B$50="Row",$AQ11,$AR11)-Fits!$B$121)^2/Fits!$B$122)))),IF(OR(Fits!$B$120<4,(1/Fits!$B$120+(IF(Fits!$B$50="Row",$AQ11,$AR11)-Fits!$B$121)^2/Fits!$B$122)>=1),"",IF((Fits!$B$129-($AC11-(IF(Fits!$B$50="Row",Fits!$B$44,Fits!$B$47)*IF(Fits!$B$50="Row",$AQ11,$AR11)+Fits!$B$123))^2/(1-(1/Fits!$B$120+(IF(Fits!$B$50="Row",$AQ11,$AR11)-Fits!$B$121)^2/Fits!$B$122)))<=0,"",($AC11-(IF(Fits!$B$50="Row",Fits!$B$44,Fits!$B$47)*IF(Fits!$B$50="Row",$AQ11,$AR11)+Fits!$B$123))/(SQRT((Fits!$B$129-($AC11-(IF(Fits!$B$50="Row",Fits!$B$44,Fits!$B$47)*IF(Fits!$B$50="Row",$AQ11,$AR11)+Fits!$B$123))^2/(1-(1/Fits!$B$120+(IF(Fits!$B$50="Row",$AQ11,$AR11)-Fits!$B$121)^2/Fits!$B$122)))/(Fits!$B$120-3))*SQRT(1-(1/Fits!$B$120+(IF(Fits!$B$50="Row",$AQ11,$AR11)-Fits!$B$121)^2/Fits!$B$122))))))) | CD11: =IF($AU11="","",1) | CE11: =IF($AU11="","",$AU11-Fits!$B$133) | CF11: =IF($AU11="","",($AV11-(Fits!$B$56*$AU11+Fits!$B$57))-Fits!$B$56*($AU11-Fits!$B$133)) | CG11: =IF($AU11="","",$AU11^2) | CH11: =IF($AW11="","",1) | CI11: =IF($AW11="","",$AW11-Fits!$B$153) | CJ11: =IF($AW11="","",($AX11-(Fits!$B$63*$AW11+Fits!$B$64))-Fits!$B$63*($AW11-Fits!$B$153)) | CK11: =IF($AW11="","",$AW11^2) | CL11: =IF(OR($Z11="",Fits!$B$55<3,Fits!$B$133="",Fits!$B$134="",Fits!$B$134=0,Fits!$B$136=""),"",SQRT((Fits!$B$136*Fits!$B$56)^2+SUMPRODUCT((Fits!$J$163:$J$175*(Fits!$B$163:$B$175/Fits!$B$55+Fits!$H$163:$H$175*($Z11-Fits!$B$133)/Fits!$B$134))^2)+SUMPRODUCT((Fits!$G$163:$G$175*(($Z11-Fits!$B$133)*Fits!$I$163:$I$175/Fits!$B$134-Fits!$B$163:$B$175*Fits!$B$56/Fits!$B$55))^2))) -> 0.24056347 | CM11: =IF($CL11="","",Setup!$B$32*$CL11) -> 0.48112693 | CN11: =IF(OR($AE11="",Fits!$B$62<3,Fits!$B$153="",Fits!$B$154="",Fits!$B$154=0,Fits!$B$156=""),"",SQRT((Fits!$B$156*Fits!$B$63)^2+SUMPRODUCT((Fits!$J$183:$J$195*(Fits!$B$183:$B$195/Fits!$B$62+Fits!$H$183:$H$195*($AE11-Fits!$B$153)/Fits!$B$154))^2)+SUMPRODUCT((Fits!$G$183:$G$195*(($AE11-Fits!$B$153)*Fits!$I$183:$I$195/Fits!$B$154-Fits!$B$183:$B$195*Fits!$B$63/Fits!$B$62))^2))) -> 0.037924335 | CO11: =IF($CN11="","",Setup!$B$32*$CN11) -> 0.07584867 | CP11: =IF(OR(NOT(ISNUMBER($BJ11)),$EK11=1),$CP10,IF($BJ11<=Setup!$B$26,$CP10+1,0)) -> 0 | CQ11: =IF($BT11="","",$A11) -> 6 | CR11: =IF($BW11="","",$A11) -> 6 | CS11: =IF($B11="","",IF(Setup!$A$37="",0,IF(ISNUMBER(SEARCH(Setup!$A$37,$B11)),37,0))) -> 0 | CT11: =IF($B11="","",IF(Setup!$A$38="",0,IF(ISNUMBER(SEARCH(Setup!$A$38,$B11)),38,0))) -> 0 | CU11: =IF($B11="","",IF(Setup!$A$39="",0,IF(ISNUMBER(SEARCH(Setup!$A$39,$B11)),39,0))) -> 0 | CV11: =IF($B11="","",IF(Setup!$A$40="",0,IF(ISNUMBER(SEARCH(Setup!$A$40,$B11)),40,0))) -> 0 | CW11: =IF($B11="","",IF(Setup!$A$41="",0,IF(ISNUMBER(SEARCH(Setup!$A$41,$B11)),41,0))) -> 0 | CX11: =IF($B11="","",IF(Setup!$A$42="",0,IF(ISNUMBER(SEARCH(Setup!$A$42,$B11)),42,0))) -> 42 | CY11: =IF($B11="","",IF(Setup!$A$43="",0,IF(ISNUMBER(SEARCH(Setup!$A$43,$B11)),43,0))) -> 0 | CZ11: =IF($B11="","",IF(Setup!$A$44="",0,IF(ISNUMBER(SEARCH(Setup!$A$44,$B11)),44,0))) -> 0 | DA11: =IF($B11="","",IF(Setup!$A$45="",0,IF(ISNUMBER(SEARCH(Setup!$A$45,$B11)),45,0))) -> 0 | DB11: =IF($B11="","",IF(Setup!$A$46="",0,IF(ISNUMBER(SEARCH(Setup!$A$46,$B11)),46,0))) -> 0 | DC11: =IF($B11="","",IF(Setup!$A$47="",0,IF(ISNUMBER(SEARCH(Setup!$A$47,$B11)),47,0))) -> 0 | DD11: =IF($B11="","",IF(Setup!$A$48="",0,IF(ISNUMBER(SEARCH(Setup!$A$48,$B11)),48,0))) -> 0 | DE11: =IF($B11="","",IF(Setup!$A$49="",0,IF(ISNUMBER(SEARCH(Setup!$A$49,$B11)),49,0))) -> 0 | DF11: =IF($B11="",NA(),$A11) -> 6 | DG11: =IF($BI11="",NA(),$BI11) -> 30 | DH11: =IF($N11="",NA(),$N11) -> 33.1 | DI11: =IF(AND($D11="Drift",$N11<>""),$N11,NA()) -> #N/A | DJ11: =IF(AND($D11="Drift",$N11<>""),$N11,"") | DK11: =IF($DJ11="","",$A11) | DL11: =IF($AN11="",NA(),$AM11) -> 8.889 | DM11: =IF($AN11="",NA(),$AN11) -> -3.024 | DN11: =IF(AND($D11="Sample",$L11<>""),$L11,NA()) -> #N/A | DO11: =IF(AND($D11="Sample",$L11<>"",Fits!$B$98<>""),Fits!$B$98,NA()) -> #N/A | DP11: =IF($AS11="",NA(),$AS11) -> #N/A | DQ11: =IF(AND($D11="Drift",$AS11="",$X11<>""),$X11,NA()) -> #N/A | DR11: =IF(AND($D11="Drift",$Z11<>""),$Z11,NA()) -> #N/A | DS11: =IF(AND(OR($D11="Sample",$D11="Check"),$AA11<>""),$AA11,NA()) -> #N/A | DT11: =IF(OR($B11="",Fits!$B$138=""),NA(),Fits!$B$138) -> 1.76 | DU11: =IF(OR($B11="",Fits!$B$139=""),NA(),Fits!$B$139) -> 20.68 | DV11: =IF($BT11="",NA(),$BT11) -> -1.207 | DW11: =IF($AP11="",NA(),$AO11) -> 37.895 | DX11: =IF($AP11="",NA(),$AP11) -> -9.666 | DY11: =IF(AND($D11="Sample",$P11<>""),$P11,NA()) -> #N/A | DZ11: =IF(AND($D11="Sample",$P11<>"",Fits!$B$105<>""),Fits!$B$105,NA()) -> #N/A | EA11: =IF($AT11="",NA(),$AT11) -> #N/A | EB11: =IF(AND($D11="Drift",$AT11="",$AC11<>""),$AC11,NA()) -> #N/A | EC11: =IF(AND($D11="Drift",$AE11<>""),$AE11,NA()) -> #N/A | ED11: =IF(AND(OR($D11="Sample",$D11="Check"),$AF11<>""),$AF11,NA()) -> #N/A | EE11: =IF(OR($B11="",Fits!$B$158=""),NA(),Fits!$B$158) -> -40.81 | EF11: =IF(OR($B11="",Fits!$B$159=""),NA(),Fits!$B$159) -> -20.29 | EG11: =IF($BW11="",NA(),$BW11) -> -25.438 | EH11: =IF(AND($EN11=1,ISNUMBER($N11)),$N11,NA()) -> #N/A | EI11: =IF($B11="","",$A11) -> 6 | EJ11: =IF(OR(AND(ISNUMBER($L11),Fits!$B$97>0,$L11>Fits!$B$97),AND(ISNUMBER($P11),Fits!$B$104>0,$P11>Fits!$B$104)),1,0) -> 0 | EK11: =IF(OR($EJ10=1,$EJ9=1),1,0) -> 0 | EL11: =IF(AND($EK11=0,ISNUMBER($N11)),$N11,$EL10) -> 33.1 | EM11: =IF(AND($EK11=1,ISNUMBER($N11),ISNUMBER($EL11)),$N11-$EL11,"") | EN11: =IF(Setup!$B$28="",0,IF(ISNUMBER($EM11),IF($EM11>Setup!$B$28,1,0),0)) -> 0 | EO11: =IF($EN11=1,COUNTIF($EN$6:$EN11,1),"") | EP11: =IF(AND($EJ10=1,OR($D11="Sample",$D11="Check")),1,0) -> 0 | EQ11: =IF(ISNUMBER($BI11),IF(COUNT($BI$6:$BI11)<=5,$BI11,""),"") | ER11: =IF(OR(NOT(ISNUMBER($BJ11)),$EK11=1),$ER10,IF($BJ11<=Setup!$B$26,IF($CP10=0,$A11,$ER10),""))
A12: 7 | B12: =IFERROR(INDEX(Raw!$B$2:$B$1001,MATCH($A12,Raw!$A$2:$A$1001,0)),"") -> Ace Lin2 | C12: =IF($B12="","",MAX($CS12:$DE12)) -> 42 | D12: =IF($B12="","",IF($C12=0,"Sample",INDEX(Setup!$B$37:$B$49,$C12-36))) -> Linearity | E12: =IF($B12="","",IFERROR(IF(INDEX(Raw!$E$2:$E$1001,MATCH($A12,Raw!$A$2:$A$1001,0))=0,"",INDEX(Raw!$E$2:$E$1001,MATCH($A12,Raw!$A$2:$A$1001,0))),"")) -> 0.177 | G12: =IF($B12="","",IF($F12<>"",$F12,IF($E12="","",$E12))) -> 0.177 | H12: =IF($B12="","",SUMPRODUCT(MAX((Raw!$A$2:$A$1001=$A12)*(Raw!$R$2:$R$1001="N")*Raw!$D$2:$D$1001))) -> 3 | I12: =IF(OR($H12="",$H12=0),"",$A12&"|N|"&$H12) -> 7|N|3 | J12: =IF($B12="","",SUMPRODUCT(MIN((Raw!$A$2:$A$1001=$A12)*(Raw!$R$2:$R$1001="C")*Raw!$D$2:$D$1001+(1-(Raw!$A$2:$A$1001=$A12)*(Raw!$R$2:$R$1001="C"))*9999))) -> 4 | K12: =IF(OR($J12="",$J12=0,$J12=9999),"",$A12&"|C|"&$J12) -> 7|C|4 | L12: =IF($I12="","",IF(INDEX(Raw!$I$2:$I$1001,MATCH($I12,Raw!$S$2:$S$1001,0))<>0,"",INDEX(Raw!$H$2:$H$1001,MATCH($I12,Raw!$S$2:$S$1001,0)))) -> 12.058 | M12: =IF($I12="","",IF(INDEX(Raw!$I$2:$I$1001,MATCH($I12,Raw!$S$2:$S$1001,0))<>0,"",INDEX(Raw!$F$2:$F$1001,MATCH($I12,Raw!$S$2:$S$1001,0)))) -> 659 | N12: =IF($I12="","",IF(INDEX(Raw!$I$2:$I$1001,MATCH($I12,Raw!$S$2:$S$1001,0))<>0,"",INDEX(Raw!$G$2:$G$1001,MATCH($I12,Raw!$S$2:$S$1001,0)))) -> 32.3 | O12: =IF($I12="","",IF(INDEX(Raw!$I$2:$I$1001,MATCH($I12,Raw!$S$2:$S$1001,0))<>0,"",INDEX(Raw!$N$2:$N$1001,MATCH($I12,Raw!$S$2:$S$1001,0)))) -> -4.102 | P12: =IF($K12="","",IF(INDEX(Raw!$I$2:$I$1001,MATCH($K12,Raw!$S$2:$S$1001,0))<>0,"",INDEX(Raw!$K$2:$K$1001,MATCH($K12,Raw!$S$2:$S$1001,0)))) -> 54.07 | Q12: =IF($K12="","",IF(INDEX(Raw!$I$2:$I$1001,MATCH($K12,Raw!$S$2:$S$1001,0))<>0,"",INDEX(Raw!$J$2:$J$1001,MATCH($K12,Raw!$S$2:$S$1001,0)))) -> 2402 | R12: =IF($K12="","",IF(INDEX(Raw!$I$2:$I$1001,MATCH($K12,Raw!$S$2:$S$1001,0))<>0,"",INDEX(Raw!$O$2:$O$1001,MATCH($K12,Raw!$S$2:$S$1001,0)))) -> -9.667 | S12: =IF($B12="","",IF($C12=0,"",IF(INDEX(Setup!$D$37:$D$49,$C12-36)="","",INDEX(Setup!$D$37:$D$49,$C12-36)))) | T12: =IF($B12="","",IF($C12=0,"",IF(INDEX(Setup!$C$37:$C$49,$C12-36)="","",INDEX(Setup!$C$37:$C$49,$C12-36)))) | U12: =IF($B12="","",IF($C12=0,"",IF(INDEX(Setup!$F$37:$F$49,$C12-36)="","",INDEX(Setup!$F$37:$F$49,$C12-36)))) -> 10.36 | V12: =IF($B12="","",IF($C12=0,"",IF(INDEX(Setup!$E$37:$E$49,$C12-36)="","",INDEX(Setup!$E$37:$E$49,$C12-36)))) -> 71.09 | W12: =IF($O12="","",IF(OR(Fits!$C$5<>"Yes",$D12="Blank",$L12<=Fits!$B$6),$O12,($L12*$O12-Fits!$B$6*Fits!$B$7)/($L12-Fits!$B$6))) -> -4.102 | X12: =IF($W12="","",$W12-Fits!$B$20*($L12-Fits!$B$16)) -> -4.102 | Y12: =IF($W12="","",IF(OR(Fits!$B$38="Row",$BI12=""),$A12,$BI12)) -> 7 | Z12: =IF($X12="","",$X12-Fits!$B$39*($Y12-Fits!$B$40)) -> -4.4969626 | AA12: =IF(OR($Z12="",Fits!$B$55<2),"",Fits!$B$56*$Z12+Fits!$B$57) -> -3.5893026 | AB12: =IF($R12="","",IF(OR(Fits!$C$9<>"Yes",$D12="Blank",$P12<=Fits!$B$10),$R12,($P12*$R12-Fits!$B$10*Fits!$B$11)/($P12-Fits!$B$10))) -> -9.667 | AC12: =IF($AB12="","",$AB12-Fits!$B$28*($P12-Fits!$B$24)) -> -9.5396541 | AD12: =IF($AB12="","",IF(OR(Fits!$B$50="Row",$BI12=""),$A12,$BI12)) -> 7 | AE12: =IF($AC12="","",$AC12-Fits!$B$51*($AD12-Fits!$B$52)) -> -9.4701165 | AF12: =IF(OR($AE12="",Fits!$B$62<2),"",Fits!$B$63*$AE12+Fits!$B$64) -> -26.596365 | AG12: =IF(OR($L12="",Fits!$B$69<3),"",($L12-Fits!$B$71)/Fits!$B$70) -> 16.639895 | AH12: =IF(OR($P12="",Fits!$B$75<3),"",($P12-Fits!$B$77)/Fits!$B$76) -> 119.17162 | AI12: =IF(OR($AG12="",$G12="",$G12=0),"",$AG12/($G12*1000)*100) -> 9.4010708 | AJ12: =IF(OR($AH12="",$G12="",$G12=0),"",$AH12/($G12*1000)*100) -> 67.3286 | AK12: =IF(OR($AG12="",$AH12="",$AG12<=0),"",($AH12/Setup!$B$52)/($AG12/Setup!$B$53)) -> 8.3519565 | AL12: =IF(OR($AG12="",$AH12="",$AG12<=0),"",$AH12/$AG12) -> 7.1618012 | AM12: =IF($D12="Linearity",IF($L12="","",$L12),"") -> 12.058 | AN12: =IF($D12="Linearity",IF($W12="","",$W12),"") -> -4.102 | AO12: =IF($D12="Linearity",IF($P12="","",$P12),"") -> 54.07 | AP12: =IF($D12="Linearity",IF($AB12="","",$AB12),"") -> -9.667 | AQ12: =IF($D12="Drift",IF($A12<IF(Setup!$B$14="",0,Setup!$B$14),"",$A12),"") | AR12: =IF($D12="Drift",IF($A12<IF(Setup!$B$14="",0,Setup!$B$14),"",IF($BI12="","",$BI12)),"") | AS12: =IF($D12="Drift",IF($A12<IF(Setup!$B$14="",0,Setup!$B$14),"",IF(OR($X12="",$BX12=1),"",$X12)),"") | AT12: =IF($D12="Drift",IF($A12<IF(Setup!$B$14="",0,Setup!$B$14),"",IF(OR($AC12="",$BY12=1),"",$AC12)),"") | AU12: =IF($D12="Anchor",IF(OR($Z12="",$S12=""),"",$Z12),"") | AV12: =IF($D12="Anchor",IF(OR($Z12="",$S12=""),"",$S12),"") | AW12: =IF($D12="Anchor",IF(OR($AE12="",$T12=""),"",$AE12),"") | AX12: =IF($D12="Anchor",IF(OR($AE12="",$T12=""),"",$T12),"") | AY12: =IF(OR($D12="Blank",$D12="Exclude",$D12="Sample",$D12="",$G12="",$U12="",$L12=""),"",$G12*1000*$U12/100) -> 18.3372 | AZ12: =IF($AY12="","",$L12) -> 12.058 | BA12: =IF(OR($D12="Blank",$D12="Exclude",$D12="Sample",$D12="",$G12="",$V12="",$P12=""),"",$G12*1000*$V12/100) -> 125.8293 | BB12: =IF($BA12="","",$P12) -> 54.07 | BC12: =IF(AND($D12="Blank",$L12<>""),$O12,"") | BD12: =IF($BC12="","",$L12) | BE12: =IF(AND($D12="Blank",$P12<>""),$R12,"") | BF12: =IF($BE12="","",$P12) | BG12: =IF(AND($D12="Drift",$BX12<>1),IF($AA12="","",$AA12),"") | BH12: =IF(AND($D12="Drift",$BY12<>1),IF($AF12="","",$AF12),"") | BI12: =IF($B12="","",IFERROR(INDEX(Raw!$G$2:$G$1001,MATCH($A12&"|N|"&SUMPRODUCT(MAX((Raw!$A$2:$A$1001=$A12)*(Raw!$R$2:$R$1001="N")*(Raw!$I$2:$I$1001=1)*Raw!$D$2:$D$1001)),Raw!$S$2:$S$1001,0)),"")) -> 29.4 | BJ12: =IF(OR($BI12="",Fits!$B$85<=0),"",($BI12-Fits!$B$83)/Fits!$B$85) -> 0.56756757 | BK12: =IF($AS12="","",IF($A12>=Fits!$B$86,"",$A12)) | BL12: =IF($BK12="","",$X12) | BM12: =IF($AS12="","",IF($A12<Fits!$B$86,"",$A12)) | BN12: =IF($BM12="","",$X12) | BO12: =IF(AND($D12="Drift",$BX12<>1),IF($O12="","",$O12),"") | BP12: =IF(AND($D12="Drift",$BX12<>1),IF($W12="","",$W12),"") | BQ12: =IF(AND($D12="Drift",$BX12<>1),IF($X12="","",$X12),"") | BR12: =IF(AND($D12="Drift",$BX12<>1),IF($Z12="","",$Z12),"") | BS12: =IF(OR($B12="",$H12=""),"",SUMPRODUCT(MIN((Raw!$A$2:$A$1001=$A12)*(Raw!$R$2:$R$1001="N")*(Raw!$I$2:$I$1001=0)*(Raw!$D$2:$D$1001<$H12)*Raw!$D$2:$D$1001+(1-(Raw!$A$2:$A$1001=$A12)*(Raw!$R$2:$R$1001="N")*(Raw!$I$2:$I$1001=0)*(Raw!$D$2:$D$1001<$H12))*9999))) -> 1 | BT12: =IF(OR($BS12="",$BS12=9999,$BS12=0),"",IFERROR(INDEX(Raw!$N$2:$N$1001,MATCH($A12&"|N|"&$BS12,Raw!$S$2:$S$1001,0)),"")) -> -1.142 | BU12: =IF($B12="","",SUMPRODUCT(MIN((Raw!$A$2:$A$1001=$A12)*(Raw!$R$2:$R$1001="C")*(Raw!$I$2:$I$1001=1)*Raw!$D$2:$D$1001+(1-(Raw!$A$2:$A$1001=$A12)*(Raw!$R$2:$R$1001="C")*(Raw!$I$2:$I$1001=1))*9999))) -> 5 | BV12: =IF(OR($BU12="",$BU12=9999),"",SUMPRODUCT(MIN((Raw!$A$2:$A$1001=$A12)*(Raw!$R$2:$R$1001="C")*(Raw!$I$2:$I$1001=0)*(Raw!$D$2:$D$1001>$BU12)*Raw!$D$2:$D$1001+(1-(Raw!$A$2:$A$1001=$A12)*(Raw!$R$2:$R$1001="C")*(Raw!$I$2:$I$1001=0)*(Raw!$D$2:$D$1001>$BU12))*9999))) -> 6 | BW12: =IF(OR($BV12="",$BV12=9999,$BV12=0),"",IFERROR(INDEX(Raw!$O$2:$O$1001,MATCH($A12&"|C|"&$BV12,Raw!$S$2:$S$1001,0)),"")) -> -25.457 | BX12: =IF($B12="","",IF(ISNUMBER(SEARCH(","&$A12&",",","&SUBSTITUTE(Setup!$B$16," ","")&",")),1,0)) -> 0 | BY12: =IF($B12="","",IF(ISNUMBER(SEARCH(","&$A12&",",","&SUBSTITUTE(Setup!$B$17," ","")&",")),1,0)) -> 0 | BZ12: =IF($AS12="","",IF(Fits!$B$38="Row",$AQ12,IF($AR12="","",$AR12))) | CA12: =IF($AT12="","",IF(Fits!$B$50="Row",$AQ12,IF($AR12="","",$AR12))) | CB12: =IF(OR($D12<>"Drift",$X12="",$A12<IF(Setup!$B$14="",0,Setup!$B$14),Fits!$B$107<3,Fits!$B$110="",Fits!$B$109=0,IF(Fits!$B$38="Row",$AQ12,$AR12)=""),"",IF($BX12=1,IF(OR(Fits!$B$111="",Fits!$B$111=0),"",($X12-(IF(Fits!$B$38="Row",Fits!$B$32,Fits!$B$35)*IF(Fits!$B$38="Row",$AQ12,$AR12)+Fits!$B$110))/(Fits!$B$111*SQRT(1+(1/Fits!$B$107+(IF(Fits!$B$38="Row",$AQ12,$AR12)-Fits!$B$108)^2/Fits!$B$109)))),IF(OR(Fits!$B$107<4,(1/Fits!$B$107+(IF(Fits!$B$38="Row",$AQ12,$AR12)-Fits!$B$108)^2/Fits!$B$109)>=1),"",IF((Fits!$B$116-($X12-(IF(Fits!$B$38="Row",Fits!$B$32,Fits!$B$35)*IF(Fits!$B$38="Row",$AQ12,$AR12)+Fits!$B$110))^2/(1-(1/Fits!$B$107+(IF(Fits!$B$38="Row",$AQ12,$AR12)-Fits!$B$108)^2/Fits!$B$109)))<=0,"",($X12-(IF(Fits!$B$38="Row",Fits!$B$32,Fits!$B$35)*IF(Fits!$B$38="Row",$AQ12,$AR12)+Fits!$B$110))/(SQRT((Fits!$B$116-($X12-(IF(Fits!$B$38="Row",Fits!$B$32,Fits!$B$35)*IF(Fits!$B$38="Row",$AQ12,$AR12)+Fits!$B$110))^2/(1-(1/Fits!$B$107+(IF(Fits!$B$38="Row",$AQ12,$AR12)-Fits!$B$108)^2/Fits!$B$109)))/(Fits!$B$107-3))*SQRT(1-(1/Fits!$B$107+(IF(Fits!$B$38="Row",$AQ12,$AR12)-Fits!$B$108)^2/Fits!$B$109))))))) | CC12: =IF(OR($D12<>"Drift",$AC12="",$A12<IF(Setup!$B$14="",0,Setup!$B$14),Fits!$B$120<3,Fits!$B$123="",Fits!$B$122=0,IF(Fits!$B$50="Row",$AQ12,$AR12)=""),"",IF($BY12=1,IF(OR(Fits!$B$124="",Fits!$B$124=0),"",($AC12-(IF(Fits!$B$50="Row",Fits!$B$44,Fits!$B$47)*IF(Fits!$B$50="Row",$AQ12,$AR12)+Fits!$B$123))/(Fits!$B$124*SQRT(1+(1/Fits!$B$120+(IF(Fits!$B$50="Row",$AQ12,$AR12)-Fits!$B$121)^2/Fits!$B$122)))),IF(OR(Fits!$B$120<4,(1/Fits!$B$120+(IF(Fits!$B$50="Row",$AQ12,$AR12)-Fits!$B$121)^2/Fits!$B$122)>=1),"",IF((Fits!$B$129-($AC12-(IF(Fits!$B$50="Row",Fits!$B$44,Fits!$B$47)*IF(Fits!$B$50="Row",$AQ12,$AR12)+Fits!$B$123))^2/(1-(1/Fits!$B$120+(IF(Fits!$B$50="Row",$AQ12,$AR12)-Fits!$B$121)^2/Fits!$B$122)))<=0,"",($AC12-(IF(Fits!$B$50="Row",Fits!$B$44,Fits!$B$47)*IF(Fits!$B$50="Row",$AQ12,$AR12)+Fits!$B$123))/(SQRT((Fits!$B$129-($AC12-(IF(Fits!$B$50="Row",Fits!$B$44,Fits!$B$47)*IF(Fits!$B$50="Row",$AQ12,$AR12)+Fits!$B$123))^2/(1-(1/Fits!$B$120+(IF(Fits!$B$50="Row",$AQ12,$AR12)-Fits!$B$121)^2/Fits!$B$122)))/(Fits!$B$120-3))*SQRT(1-(1/Fits!$B$120+(IF(Fits!$B$50="Row",$AQ12,$AR12)-Fits!$B$121)^2/Fits!$B$122))))))) | CD12: =IF($AU12="","",1) | CE12: =IF($AU12="","",$AU12-Fits!$B$133) | CF12: =IF($AU12="","",($AV12-(Fits!$B$56*$AU12+Fits!$B$57))-Fits!$B$56*($AU12-Fits!$B$133)) | CG12: =IF($AU12="","",$AU12^2) | CH12: =IF($AW12="","",1) | CI12: =IF($AW12="","",$AW12-Fits!$B$153) | CJ12: =IF($AW12="","",($AX12-(Fits!$B$63*$AW12+Fits!$B$64))-Fits!$B$63*($AW12-Fits!$B$153)) | CK12: =IF($AW12="","",$AW12^2) | CL12: =IF(OR($Z12="",Fits!$B$55<3,Fits!$B$133="",Fits!$B$134="",Fits!$B$134=0,Fits!$B$136=""),"",SQRT((Fits!$B$136*Fits!$B$56)^2+SUMPRODUCT((Fits!$J$163:$J$175*(Fits!$B$163:$B$175/Fits!$B$55+Fits!$H$163:$H$175*($Z12-Fits!$B$133)/Fits!$B$134))^2)+SUMPRODUCT((Fits!$G$163:$G$175*(($Z12-Fits!$B$133)*Fits!$I$163:$I$175/Fits!$B$134-Fits!$B$163:$B$175*Fits!$B$56/Fits!$B$55))^2))) -> 0.24652182 | CM12: =IF($CL12="","",Setup!$B$32*$CL12) -> 0.49304365 | CN12: =IF(OR($AE12="",Fits!$B$62<3,Fits!$B$153="",Fits!$B$154="",Fits!$B$154=0,Fits!$B$156=""),"",SQRT((Fits!$B$156*Fits!$B$63)^2+SUMPRODUCT((Fits!$J$183:$J$195*(Fits!$B$183:$B$195/Fits!$B$62+Fits!$H$183:$H$195*($AE12-Fits!$B$153)/Fits!$B$154))^2)+SUMPRODUCT((Fits!$G$183:$G$195*(($AE12-Fits!$B$153)*Fits!$I$183:$I$195/Fits!$B$154-Fits!$B$183:$B$195*Fits!$B$63/Fits!$B$62))^2))) -> 0.037896511 | CO12: =IF($CN12="","",Setup!$B$32*$CN12) -> 0.075793022 | CP12: =IF(OR(NOT(ISNUMBER($BJ12)),$EK12=1),$CP11,IF($BJ12<=Setup!$B$26,$CP11+1,0)) -> 0 | CQ12: =IF($BT12="","",$A12) -> 7 | CR12: =IF($BW12="","",$A12) -> 7 | CS12: =IF($B12="","",IF(Setup!$A$37="",0,IF(ISNUMBER(SEARCH(Setup!$A$37,$B12)),37,0))) -> 0 | CT12: =IF($B12="","",IF(Setup!$A$38="",0,IF(ISNUMBER(SEARCH(Setup!$A$38,$B12)),38,0))) -> 0 | CU12: =IF($B12="","",IF(Setup!$A$39="",0,IF(ISNUMBER(SEARCH(Setup!$A$39,$B12)),39,0))) -> 0 | CV12: =IF($B12="","",IF(Setup!$A$40="",0,IF(ISNUMBER(SEARCH(Setup!$A$40,$B12)),40,0))) -> 0 | CW12: =IF($B12="","",IF(Setup!$A$41="",0,IF(ISNUMBER(SEARCH(Setup!$A$41,$B12)),41,0))) -> 0 | CX12: =IF($B12="","",IF(Setup!$A$42="",0,IF(ISNUMBER(SEARCH(Setup!$A$42,$B12)),42,0))) -> 42 | CY12: =IF($B12="","",IF(Setup!$A$43="",0,IF(ISNUMBER(SEARCH(Setup!$A$43,$B12)),43,0))) -> 0 | CZ12: =IF($B12="","",IF(Setup!$A$44="",0,IF(ISNUMBER(SEARCH(Setup!$A$44,$B12)),44,0))) -> 0 | DA12: =IF($B12="","",IF(Setup!$A$45="",0,IF(ISNUMBER(SEARCH(Setup!$A$45,$B12)),45,0))) -> 0 | DB12: =IF($B12="","",IF(Setup!$A$46="",0,IF(ISNUMBER(SEARCH(Setup!$A$46,$B12)),46,0))) -> 0 | DC12: =IF($B12="","",IF(Setup!$A$47="",0,IF(ISNUMBER(SEARCH(Setup!$A$47,$B12)),47,0))) -> 0 | DD12: =IF($B12="","",IF(Setup!$A$48="",0,IF(ISNUMBER(SEARCH(Setup!$A$48,$B12)),48,0))) -> 0 | DE12: =IF($B12="","",IF(Setup!$A$49="",0,IF(ISNUMBER(SEARCH(Setup!$A$49,$B12)),49,0))) -> 0 | DF12: =IF($B12="",NA(),$A12) -> 7 | DG12: =IF($BI12="",NA(),$BI12) -> 29.4 | DH12: =IF($N12="",NA(),$N12) -> 32.3 | DI12: =IF(AND($D12="Drift",$N12<>""),$N12,NA()) -> #N/A | DJ12: =IF(AND($D12="Drift",$N12<>""),$N12,"") | DK12: =IF($DJ12="","",$A12) | DL12: =IF($AN12="",NA(),$AM12) -> 12.058 | DM12: =IF($AN12="",NA(),$AN12) -> -4.102 | DN12: =IF(AND($D12="Sample",$L12<>""),$L12,NA()) -> #N/A | DO12: =IF(AND($D12="Sample",$L12<>"",Fits!$B$98<>""),Fits!$B$98,NA()) -> #N/A | DP12: =IF($AS12="",NA(),$AS12) -> #N/A | DQ12: =IF(AND($D12="Drift",$AS12="",$X12<>""),$X12,NA()) -> #N/A | DR12: =IF(AND($D12="Drift",$Z12<>""),$Z12,NA()) -> #N/A | DS12: =IF(AND(OR($D12="Sample",$D12="Check"),$AA12<>""),$AA12,NA()) -> #N/A | DT12: =IF(OR($B12="",Fits!$B$138=""),NA(),Fits!$B$138) -> 1.76 | DU12: =IF(OR($B12="",Fits!$B$139=""),NA(),Fits!$B$139) -> 20.68 | DV12: =IF($BT12="",NA(),$BT12) -> -1.142 | DW12: =IF($AP12="",NA(),$AO12) -> 54.07 | DX12: =IF($AP12="",NA(),$AP12) -> -9.667 | DY12: =IF(AND($D12="Sample",$P12<>""),$P12,NA()) -> #N/A | DZ12: =IF(AND($D12="Sample",$P12<>"",Fits!$B$105<>""),Fits!$B$105,NA()) -> #N/A | EA12: =IF($AT12="",NA(),$AT12) -> #N/A | EB12: =IF(AND($D12="Drift",$AT12="",$AC12<>""),$AC12,NA()) -> #N/A | EC12: =IF(AND($D12="Drift",$AE12<>""),$AE12,NA()) -> #N/A | ED12: =IF(AND(OR($D12="Sample",$D12="Check"),$AF12<>""),$AF12,NA()) -> #N/A | EE12: =IF(OR($B12="",Fits!$B$158=""),NA(),Fits!$B$158) -> -40.81 | EF12: =IF(OR($B12="",Fits!$B$159=""),NA(),Fits!$B$159) -> -20.29 | EG12: =IF($BW12="",NA(),$BW12) -> -25.457 | EH12: =IF(AND($EN12=1,ISNUMBER($N12)),$N12,NA()) -> #N/A | EI12: =IF($B12="","",$A12) -> 7 | EJ12: =IF(OR(AND(ISNUMBER($L12),Fits!$B$97>0,$L12>Fits!$B$97),AND(ISNUMBER($P12),Fits!$B$104>0,$P12>Fits!$B$104)),1,0) -> 0 | EK12: =IF(OR($EJ11=1,$EJ10=1),1,0) -> 0 | EL12: =IF(AND($EK12=0,ISNUMBER($N12)),$N12,$EL11) -> 32.3 | EM12: =IF(AND($EK12=1,ISNUMBER($N12),ISNUMBER($EL12)),$N12-$EL12,"") | EN12: =IF(Setup!$B$28="",0,IF(ISNUMBER($EM12),IF($EM12>Setup!$B$28,1,0),0)) -> 0 | EO12: =IF($EN12=1,COUNTIF($EN$6:$EN12,1),"") | EP12: =IF(AND($EJ11=1,OR($D12="Sample",$D12="Check")),1,0) -> 0 | EQ12: =IF(ISNUMBER($BI12),IF(COUNT($BI$6:$BI12)<=5,$BI12,""),"") | ER12: =IF(OR(NOT(ISNUMBER($BJ12)),$EK12=1),$ER11,IF($BJ12<=Setup!$B$26,IF($CP11=0,$A12,$ER11),""))
A13: 8 | B13: =IFERROR(INDEX(Raw!$B$2:$B$1001,MATCH($A13,Raw!$A$2:$A$1001,0)),"") -> Ace Lin3 | C13: =IF($B13="","",MAX($CS13:$DE13)) -> 42 | D13: =IF($B13="","",IF($C13=0,"Sample",INDEX(Setup!$B$37:$B$49,$C13-36))) -> Linearity | E13: =IF($B13="","",IFERROR(IF(INDEX(Raw!$E$2:$E$1001,MATCH($A13,Raw!$A$2:$A$1001,0))=0,"",INDEX(Raw!$E$2:$E$1001,MATCH($A13,Raw!$A$2:$A$1001,0))),"")) -> 0.572 | G13: =IF($B13="","",IF($F13<>"",$F13,IF($E13="","",$E13))) -> 0.572 | H13: =IF($B13="","",SUMPRODUCT(MAX((Raw!$A$2:$A$1001=$A13)*(Raw!$R$2:$R$1001="N")*Raw!$D$2:$D$1001))) -> 3 | I13: =IF(OR($H13="",$H13=0),"",$A13&"|N|"&$H13) -> 8|N|3 | J13: =IF($B13="","",SUMPRODUCT(MIN((Raw!$A$2:$A$1001=$A13)*(Raw!$R$2:$R$1001="C")*Raw!$D$2:$D$1001+(1-(Raw!$A$2:$A$1001=$A13)*(Raw!$R$2:$R$1001="C"))*9999))) -> 4 | K13: =IF(OR($J13="",$J13=0,$J13=9999),"",$A13&"|C|"&$J13) -> 8|C|4 | L13: =IF($I13="","",IF(INDEX(Raw!$I$2:$I$1001,MATCH($I13,Raw!$S$2:$S$1001,0))<>0,"",INDEX(Raw!$H$2:$H$1001,MATCH($I13,Raw!$S$2:$S$1001,0)))) -> 38.149 | M13: =IF($I13="","",IF(INDEX(Raw!$I$2:$I$1001,MATCH($I13,Raw!$S$2:$S$1001,0))<>0,"",INDEX(Raw!$F$2:$F$1001,MATCH($I13,Raw!$S$2:$S$1001,0)))) -> 2213 | N13: =IF($I13="","",IF(INDEX(Raw!$I$2:$I$1001,MATCH($I13,Raw!$S$2:$S$1001,0))<>0,"",INDEX(Raw!$G$2:$G$1001,MATCH($I13,Raw!$S$2:$S$1001,0)))) -> 31.6 | O13: =IF($I13="","",IF(INDEX(Raw!$I$2:$I$1001,MATCH($I13,Raw!$S$2:$S$1001,0))<>0,"",INDEX(Raw!$N$2:$N$1001,MATCH($I13,Raw!$S$2:$S$1001,0)))) -> -5.479 | P13: =IF($K13="","",IF(INDEX(Raw!$I$2:$I$1001,MATCH($K13,Raw!$S$2:$S$1001,0))<>0,"",INDEX(Raw!$K$2:$K$1001,MATCH($K13,Raw!$S$2:$S$1001,0)))) -> 178.135 | Q13: =IF($K13="","",IF(INDEX(Raw!$I$2:$I$1001,MATCH($K13,Raw!$S$2:$S$1001,0))<>0,"",INDEX(Raw!$J$2:$J$1001,MATCH($K13,Raw!$S$2:$S$1001,0)))) -> 7464 | R13: =IF($K13="","",IF(INDEX(Raw!$I$2:$I$1001,MATCH($K13,Raw!$S$2:$S$1001,0))<>0,"",INDEX(Raw!$O$2:$O$1001,MATCH($K13,Raw!$S$2:$S$1001,0)))) -> -9.384 | S13: =IF($B13="","",IF($C13=0,"",IF(INDEX(Setup!$D$37:$D$49,$C13-36)="","",INDEX(Setup!$D$37:$D$49,$C13-36)))) | T13: =IF($B13="","",IF($C13=0,"",IF(INDEX(Setup!$C$37:$C$49,$C13-36)="","",INDEX(Setup!$C$37:$C$49,$C13-36)))) | U13: =IF($B13="","",IF($C13=0,"",IF(INDEX(Setup!$F$37:$F$49,$C13-36)="","",INDEX(Setup!$F$37:$F$49,$C13-36)))) -> 10.36 | V13: =IF($B13="","",IF($C13=0,"",IF(INDEX(Setup!$E$37:$E$49,$C13-36)="","",INDEX(Setup!$E$37:$E$49,$C13-36)))) -> 71.09 | W13: =IF($O13="","",IF(OR(Fits!$C$5<>"Yes",$D13="Blank",$L13<=Fits!$B$6),$O13,($L13*$O13-Fits!$B$6*Fits!$B$7)/($L13-Fits!$B$6))) -> -5.479 | X13: =IF($W13="","",$W13-Fits!$B$20*($L13-Fits!$B$16)) -> -5.479 | Y13: =IF($W13="","",IF(OR(Fits!$B$38="Row",$BI13=""),$A13,$BI13)) -> 8 | Z13: =IF($X13="","",$X13-Fits!$B$39*($Y13-Fits!$B$40)) -> -5.8592082 | AA13: =IF(OR($Z13="",Fits!$B$55<2),"",Fits!$B$56*$Z13+Fits!$B$57) -> -4.9877809 | AB13: =IF($R13="","",IF(OR(Fits!$C$9<>"Yes",$D13="Blank",$P13<=Fits!$B$10),$R13,($P13*$R13-Fits!$B$10*Fits!$B$11)/($P13-Fits!$B$10))) -> -9.384 | AC13: =IF($AB13="","",$AB13-Fits!$B$28*($P13-Fits!$B$24)) -> -9.4716278 | AD13: =IF($AB13="","",IF(OR(Fits!$B$50="Row",$BI13=""),$A13,$BI13)) -> 8 | AE13: =IF($AC13="","",$AC13-Fits!$B$51*($AD13-Fits!$B$52)) -> -9.4046879 | AF13: =IF(OR($AE13="",Fits!$B$62<2),"",Fits!$B$63*$AE13+Fits!$B$64) -> -26.530011 | AG13: =IF(OR($L13="",Fits!$B$69<3),"",($L13-Fits!$B$71)/Fits!$B$70) -> 59.739837 | AH13: =IF(OR($P13="",Fits!$B$75<3),"",($P13-Fits!$B$77)/Fits!$B$76) -> 401.74873 | AI13: =IF(OR($AG13="",$G13="",$G13=0),"",$AG13/($G13*1000)*100) -> 10.444027 | AJ13: =IF(OR($AH13="",$G13="",$G13=0),"",$AH13/($G13*1000)*100) -> 70.235792 | AK13: =IF(OR($AG13="",$AH13="",$AG13<=0),"",($AH13/Setup!$B$52)/($AG13/Setup!$B$53)) -> 7.8425346 | AL13: =IF(OR($AG13="",$AH13="",$AG13<=0),"",$AH13/$AG13) -> 6.724972 | AM13: =IF($D13="Linearity",IF($L13="","",$L13),"") -> 38.149 | AN13: =IF($D13="Linearity",IF($W13="","",$W13),"") -> -5.479 | AO13: =IF($D13="Linearity",IF($P13="","",$P13),"") -> 178.135 | AP13: =IF($D13="Linearity",IF($AB13="","",$AB13),"") -> -9.384 | AQ13: =IF($D13="Drift",IF($A13<IF(Setup!$B$14="",0,Setup!$B$14),"",$A13),"") | AR13: =IF($D13="Drift",IF($A13<IF(Setup!$B$14="",0,Setup!$B$14),"",IF($BI13="","",$BI13)),"") | AS13: =IF($D13="Drift",IF($A13<IF(Setup!$B$14="",0,Setup!$B$14),"",IF(OR($X13="",$BX13=1),"",$X13)),"") | AT13: =IF($D13="Drift",IF($A13<IF(Setup!$B$14="",0,Setup!$B$14),"",IF(OR($AC13="",$BY13=1),"",$AC13)),"") | AU13: =IF($D13="Anchor",IF(OR($Z13="",$S13=""),"",$Z13),"") | AV13: =IF($D13="Anchor",IF(OR($Z13="",$S13=""),"",$S13),"") | AW13: =IF($D13="Anchor",IF(OR($AE13="",$T13=""),"",$AE13),"") | AX13: =IF($D13="Anchor",IF(OR($AE13="",$T13=""),"",$T13),"") | AY13: =IF(OR($D13="Blank",$D13="Exclude",$D13="Sample",$D13="",$G13="",$U13="",$L13=""),"",$G13*1000*$U13/100) -> 59.2592 | AZ13: =IF($AY13="","",$L13) -> 38.149 | BA13: =IF(OR($D13="Blank",$D13="Exclude",$D13="Sample",$D13="",$G13="",$V13="",$P13=""),"",$G13*1000*$V13/100) -> 406.6348 | BB13: =IF($BA13="","",$P13) -> 178.135 | BC13: =IF(AND($D13="Blank",$L13<>""),$O13,"") | BD13: =IF($BC13="","",$L13) | BE13: =IF(AND($D13="Blank",$P13<>""),$R13,"") | BF13: =IF($BE13="","",$P13) | BG13: =IF(AND($D13="Drift",$BX13<>1),IF($AA13="","",$AA13),"") | BH13: =IF(AND($D13="Drift",$BY13<>1),IF($AF13="","",$AF13),"") | BI13: =IF($B13="","",IFERROR(INDEX(Raw!$G$2:$G$1001,MATCH($A13&"|N|"&SUMPRODUCT(MAX((Raw!$A$2:$A$1001=$A13)*(Raw!$R$2:$R$1001="N")*(Raw!$I$2:$I$1001=1)*Raw!$D$2:$D$1001)),Raw!$S$2:$S$1001,0)),"")) -> 28.9 | BJ13: =IF(OR($BI13="",Fits!$B$85<=0),"",($BI13-Fits!$B$83)/Fits!$B$85) -> 0.52252252 | BK13: =IF($AS13="","",IF($A13>=Fits!$B$86,"",$A13)) | BL13: =IF($BK13="","",$X13) | BM13: =IF($AS13="","",IF($A13<Fits!$B$86,"",$A13)) | BN13: =IF($BM13="","",$X13) | BO13: =IF(AND($D13="Drift",$BX13<>1),IF($O13="","",$O13),"") | BP13: =IF(AND($D13="Drift",$BX13<>1),IF($W13="","",$W13),"") | BQ13: =IF(AND($D13="Drift",$BX13<>1),IF($X13="","",$X13),"") | BR13: =IF(AND($D13="Drift",$BX13<>1),IF($Z13="","",$Z13),"") | BS13: =IF(OR($B13="",$H13=""),"",SUMPRODUCT(MIN((Raw!$A$2:$A$1001=$A13)*(Raw!$R$2:$R$1001="N")*(Raw!$I$2:$I$1001=0)*(Raw!$D$2:$D$1001<$H13)*Raw!$D$2:$D$1001+(1-(Raw!$A$2:$A$1001=$A13)*(Raw!$R$2:$R$1001="N")*(Raw!$I$2:$I$1001=0)*(Raw!$D$2:$D$1001<$H13))*9999))) -> 1 | BT13: =IF(OR($BS13="",$BS13=9999,$BS13=0),"",IFERROR(INDEX(Raw!$N$2:$N$1001,MATCH($A13&"|N|"&$BS13,Raw!$S$2:$S$1001,0)),"")) -> -1.237 | BU13: =IF($B13="","",SUMPRODUCT(MIN((Raw!$A$2:$A$1001=$A13)*(Raw!$R$2:$R$1001="C")*(Raw!$I$2:$I$1001=1)*Raw!$D$2:$D$1001+(1-(Raw!$A$2:$A$1001=$A13)*(Raw!$R$2:$R$1001="C")*(Raw!$I$2:$I$1001=1))*9999))) -> 5 | BV13: =IF(OR($BU13="",$BU13=9999),"",SUMPRODUCT(MIN((Raw!$A$2:$A$1001=$A13)*(Raw!$R$2:$R$1001="C")*(Raw!$I$2:$I$1001=0)*(Raw!$D$2:$D$1001>$BU13)*Raw!$D$2:$D$1001+(1-(Raw!$A$2:$A$1001=$A13)*(Raw!$R$2:$R$1001="C")*(Raw!$I$2:$I$1001=0)*(Raw!$D$2:$D$1001>$BU13))*9999))) -> 6 | BW13: =IF(OR($BV13="",$BV13=9999,$BV13=0),"",IFERROR(INDEX(Raw!$O$2:$O$1001,MATCH($A13&"|C|"&$BV13,Raw!$S$2:$S$1001,0)),"")) -> -25.396 | BX13: =IF($B13="","",IF(ISNUMBER(SEARCH(","&$A13&",",","&SUBSTITUTE(Setup!$B$16," ","")&",")),1,0)) -> 0 | BY13: =IF($B13="","",IF(ISNUMBER(SEARCH(","&$A13&",",","&SUBSTITUTE(Setup!$B$17," ","")&",")),1,0)) -> 0 | BZ13: =IF($AS13="","",IF(Fits!$B$38="Row",$AQ13,IF($AR13="","",$AR13))) | CA13: =IF($AT13="","",IF(Fits!$B$50="Row",$AQ13,IF($AR13="","",$AR13))) | CB13: =IF(OR($D13<>"Drift",$X13="",$A13<IF(Setup!$B$14="",0,Setup!$B$14),Fits!$B$107<3,Fits!$B$110="",Fits!$B$109=0,IF(Fits!$B$38="Row",$AQ13,$AR13)=""),"",IF($BX13=1,IF(OR(Fits!$B$111="",Fits!$B$111=0),"",($X13-(IF(Fits!$B$38="Row",Fits!$B$32,Fits!$B$35)*IF(Fits!$B$38="Row",$AQ13,$AR13)+Fits!$B$110))/(Fits!$B$111*SQRT(1+(1/Fits!$B$107+(IF(Fits!$B$38="Row",$AQ13,$AR13)-Fits!$B$108)^2/Fits!$B$109)))),IF(OR(Fits!$B$107<4,(1/Fits!$B$107+(IF(Fits!$B$38="Row",$AQ13,$AR13)-Fits!$B$108)^2/Fits!$B$109)>=1),"",IF((Fits!$B$116-($X13-(IF(Fits!$B$38="Row",Fits!$B$32,Fits!$B$35)*IF(Fits!$B$38="Row",$AQ13,$AR13)+Fits!$B$110))^2/(1-(1/Fits!$B$107+(IF(Fits!$B$38="Row",$AQ13,$AR13)-Fits!$B$108)^2/Fits!$B$109)))<=0,"",($X13-(IF(Fits!$B$38="Row",Fits!$B$32,Fits!$B$35)*IF(Fits!$B$38="Row",$AQ13,$AR13)+Fits!$B$110))/(SQRT((Fits!$B$116-($X13-(IF(Fits!$B$38="Row",Fits!$B$32,Fits!$B$35)*IF(Fits!$B$38="Row",$AQ13,$AR13)+Fits!$B$110))^2/(1-(1/Fits!$B$107+(IF(Fits!$B$38="Row",$AQ13,$AR13)-Fits!$B$108)^2/Fits!$B$109)))/(Fits!$B$107-3))*SQRT(1-(1/Fits!$B$107+(IF(Fits!$B$38="Row",$AQ13,$AR13)-Fits!$B$108)^2/Fits!$B$109))))))) | CC13: =IF(OR($D13<>"Drift",$AC13="",$A13<IF(Setup!$B$14="",0,Setup!$B$14),Fits!$B$120<3,Fits!$B$123="",Fits!$B$122=0,IF(Fits!$B$50="Row",$AQ13,$AR13)=""),"",IF($BY13=1,IF(OR(Fits!$B$124="",Fits!$B$124=0),"",($AC13-(IF(Fits!$B$50="Row",Fits!$B$44,Fits!$B$47)*IF(Fits!$B$50="Row",$AQ13,$AR13)+Fits!$B$123))/(Fits!$B$124*SQRT(1+(1/Fits!$B$120+(IF(Fits!$B$50="Row",$AQ13,$AR13)-Fits!$B$121)^2/Fits!$B$122)))),IF(OR(Fits!$B$120<4,(1/Fits!$B$120+(IF(Fits!$B$50="Row",$AQ13,$AR13)-Fits!$B$121)^2/Fits!$B$122)>=1),"",IF((Fits!$B$129-($AC13-(IF(Fits!$B$50="Row",Fits!$B$44,Fits!$B$47)*IF(Fits!$B$50="Row",$AQ13,$AR13)+Fits!$B$123))^2/(1-(1/Fits!$B$120+(IF(Fits!$B$50="Row",$AQ13,$AR13)-Fits!$B$121)^2/Fits!$B$122)))<=0,"",($AC13-(IF(Fits!$B$50="Row",Fits!$B$44,Fits!$B$47)*IF(Fits!$B$50="Row",$AQ13,$AR13)+Fits!$B$123))/(SQRT((Fits!$B$129-($AC13-(IF(Fits!$B$50="Row",Fits!$B$44,Fits!$B$47)*IF(Fits!$B$50="Row",$AQ13,$AR13)+Fits!$B$123))^2/(1-(1/Fits!$B$120+(IF(Fits!$B$50="Row",$AQ13,$AR13)-Fits!$B$121)^2/Fits!$B$122)))/(Fits!$B$120-3))*SQRT(1-(1/Fits!$B$120+(IF(Fits!$B$50="Row",$AQ13,$AR13)-Fits!$B$121)^2/Fits!$B$122))))))) | CD13: =IF($AU13="","",1) | CE13: =IF($AU13="","",$AU13-Fits!$B$133) | CF13: =IF($AU13="","",($AV13-(Fits!$B$56*$AU13+Fits!$B$57))-Fits!$B$56*($AU13-Fits!$B$133)) | CG13: =IF($AU13="","",$AU13^2) | CH13: =IF($AW13="","",1) | CI13: =IF($AW13="","",$AW13-Fits!$B$153) | CJ13: =IF($AW13="","",($AX13-(Fits!$B$63*$AW13+Fits!$B$64))-Fits!$B$63*($AW13-Fits!$B$153)) | CK13: =IF($AW13="","",$AW13^2) | CL13: =IF(OR($Z13="",Fits!$B$55<3,Fits!$B$133="",Fits!$B$134="",Fits!$B$134=0,Fits!$B$136=""),"",SQRT((Fits!$B$136*Fits!$B$56)^2+SUMPRODUCT((Fits!$J$163:$J$175*(Fits!$B$163:$B$175/Fits!$B$55+Fits!$H$163:$H$175*($Z13-Fits!$B$133)/Fits!$B$134))^2)+SUMPRODUCT((Fits!$G$163:$G$175*(($Z13-Fits!$B$133)*Fits!$I$163:$I$175/Fits!$B$134-Fits!$B$163:$B$175*Fits!$B$56/Fits!$B$55))^2))) -> 0.25447225 | CM13: =IF($CL13="","",Setup!$B$32*$CL13) -> 0.5089445 | CN13: =IF(OR($AE13="",Fits!$B$62<3,Fits!$B$153="",Fits!$B$154="",Fits!$B$154=0,Fits!$B$156=""),"",SQRT((Fits!$B$156*Fits!$B$63)^2+SUMPRODUCT((Fits!$J$183:$J$195*(Fits!$B$183:$B$195/Fits!$B$62+Fits!$H$183:$H$195*($AE13-Fits!$B$153)/Fits!$B$154))^2)+SUMPRODUCT((Fits!$G$183:$G$195*(($AE13-Fits!$B$153)*Fits!$I$183:$I$195/Fits!$B$154-Fits!$B$183:$B$195*Fits!$B$63/Fits!$B$62))^2))) -> 0.037954302 | CO13: =IF($CN13="","",Setup!$B$32*$CN13) -> 0.075908605 | CP13: =IF(OR(NOT(ISNUMBER($BJ13)),$EK13=1),$CP12,IF($BJ13<=Setup!$B$26,$CP12+1,0)) -> 0 | CQ13: =IF($BT13="","",$A13) -> 8 | CR13: =IF($BW13="","",$A13) -> 8 | CS13: =IF($B13="","",IF(Setup!$A$37="",0,IF(ISNUMBER(SEARCH(Setup!$A$37,$B13)),37,0))) -> 0 | CT13: =IF($B13="","",IF(Setup!$A$38="",0,IF(ISNUMBER(SEARCH(Setup!$A$38,$B13)),38,0))) -> 0 | CU13: =IF($B13="","",IF(Setup!$A$39="",0,IF(ISNUMBER(SEARCH(Setup!$A$39,$B13)),39,0))) -> 0 | CV13: =IF($B13="","",IF(Setup!$A$40="",0,IF(ISNUMBER(SEARCH(Setup!$A$40,$B13)),40,0))) -> 0 | CW13: =IF($B13="","",IF(Setup!$A$41="",0,IF(ISNUMBER(SEARCH(Setup!$A$41,$B13)),41,0))) -> 0 | CX13: =IF($B13="","",IF(Setup!$A$42="",0,IF(ISNUMBER(SEARCH(Setup!$A$42,$B13)),42,0))) -> 42 | CY13: =IF($B13="","",IF(Setup!$A$43="",0,IF(ISNUMBER(SEARCH(Setup!$A$43,$B13)),43,0))) -> 0 | CZ13: =IF($B13="","",IF(Setup!$A$44="",0,IF(ISNUMBER(SEARCH(Setup!$A$44,$B13)),44,0))) -> 0 | DA13: =IF($B13="","",IF(Setup!$A$45="",0,IF(ISNUMBER(SEARCH(Setup!$A$45,$B13)),45,0))) -> 0 | DB13: =IF($B13="","",IF(Setup!$A$46="",0,IF(ISNUMBER(SEARCH(Setup!$A$46,$B13)),46,0))) -> 0 | DC13: =IF($B13="","",IF(Setup!$A$47="",0,IF(ISNUMBER(SEARCH(Setup!$A$47,$B13)),47,0))) -> 0 | DD13: =IF($B13="","",IF(Setup!$A$48="",0,IF(ISNUMBER(SEARCH(Setup!$A$48,$B13)),48,0))) -> 0 | DE13: =IF($B13="","",IF(Setup!$A$49="",0,IF(ISNUMBER(SEARCH(Setup!$A$49,$B13)),49,0))) -> 0 | DF13: =IF($B13="",NA(),$A13) -> 8 | DG13: =IF($BI13="",NA(),$BI13) -> 28.9 | DH13: =IF($N13="",NA(),$N13) -> 31.6 | DI13: =IF(AND($D13="Drift",$N13<>""),$N13,NA()) -> #N/A | DJ13: =IF(AND($D13="Drift",$N13<>""),$N13,"") | DK13: =IF($DJ13="","",$A13) | DL13: =IF($AN13="",NA(),$AM13) -> 38.149 | DM13: =IF($AN13="",NA(),$AN13) -> -5.479 | DN13: =IF(AND($D13="Sample",$L13<>""),$L13,NA()) -> #N/A | DO13: =IF(AND($D13="Sample",$L13<>"",Fits!$B$98<>""),Fits!$B$98,NA()) -> #N/A | DP13: =IF($AS13="",NA(),$AS13) -> #N/A | DQ13: =IF(AND($D13="Drift",$AS13="",$X13<>""),$X13,NA()) -> #N/A | DR13: =IF(AND($D13="Drift",$Z13<>""),$Z13,NA()) -> #N/A | DS13: =IF(AND(OR($D13="Sample",$D13="Check"),$AA13<>""),$AA13,NA()) -> #N/A | DT13: =IF(OR($B13="",Fits!$B$138=""),NA(),Fits!$B$138) -> 1.76 | DU13: =IF(OR($B13="",Fits!$B$139=""),NA(),Fits!$B$139) -> 20.68 | DV13: =IF($BT13="",NA(),$BT13) -> -1.237 | DW13: =IF($AP13="",NA(),$AO13) -> 178.135 | DX13: =IF($AP13="",NA(),$AP13) -> -9.384 | DY13: =IF(AND($D13="Sample",$P13<>""),$P13,NA()) -> #N/A | DZ13: =IF(AND($D13="Sample",$P13<>"",Fits!$B$105<>""),Fits!$B$105,NA()) -> #N/A | EA13: =IF($AT13="",NA(),$AT13) -> #N/A | EB13: =IF(AND($D13="Drift",$AT13="",$AC13<>""),$AC13,NA()) -> #N/A | EC13: =IF(AND($D13="Drift",$AE13<>""),$AE13,NA()) -> #N/A | ED13: =IF(AND(OR($D13="Sample",$D13="Check"),$AF13<>""),$AF13,NA()) -> #N/A | EE13: =IF(OR($B13="",Fits!$B$158=""),NA(),Fits!$B$158) -> -40.81 | EF13: =IF(OR($B13="",Fits!$B$159=""),NA(),Fits!$B$159) -> -20.29 | EG13: =IF($BW13="",NA(),$BW13) -> -25.396 | EH13: =IF(AND($EN13=1,ISNUMBER($N13)),$N13,NA()) -> #N/A | EI13: =IF($B13="","",$A13) -> 8 | EJ13: =IF(OR(AND(ISNUMBER($L13),Fits!$B$97>0,$L13>Fits!$B$97),AND(ISNUMBER($P13),Fits!$B$104>0,$P13>Fits!$B$104)),1,0) -> 0 | EK13: =IF(OR($EJ12=1,$EJ11=1),1,0) -> 0 | EL13: =IF(AND($EK13=0,ISNUMBER($N13)),$N13,$EL12) -> 31.6 | EM13: =IF(AND($EK13=1,ISNUMBER($N13),ISNUMBER($EL13)),$N13-$EL13,"") | EN13: =IF(Setup!$B$28="",0,IF(ISNUMBER($EM13),IF($EM13>Setup!$B$28,1,0),0)) -> 0 | EO13: =IF($EN13=1,COUNTIF($EN$6:$EN13,1),"") | EP13: =IF(AND($EJ12=1,OR($D13="Sample",$D13="Check")),1,0) -> 0 | EQ13: =IF(ISNUMBER($BI13),IF(COUNT($BI$6:$BI13)<=5,$BI13,""),"") | ER13: =IF(OR(NOT(ISNUMBER($BJ13)),$EK13=1),$ER12,IF($BJ13<=Setup!$B$26,IF($CP12=0,$A13,$ER12),""))
A14: 9 | B14: =IFERROR(INDEX(Raw!$B$2:$B$1001,MATCH($A14,Raw!$A$2:$A$1001,0)),"") -> Ace Lin4 | C14: =IF($B14="","",MAX($CS14:$DE14)) -> 42 | D14: =IF($B14="","",IF($C14=0,"Sample",INDEX(Setup!$B$37:$B$49,$C14-36))) -> Linearity | E14: =IF($B14="","",IFERROR(IF(INDEX(Raw!$E$2:$E$1001,MATCH($A14,Raw!$A$2:$A$1001,0))=0,"",INDEX(Raw!$E$2:$E$1001,MATCH($A14,Raw!$A$2:$A$1001,0))),"")) -> 0.788 | G14: =IF($B14="","",IF($F14<>"",$F14,IF($E14="","",$E14))) -> 0.788 | H14: =IF($B14="","",SUMPRODUCT(MAX((Raw!$A$2:$A$1001=$A14)*(Raw!$R$2:$R$1001="N")*Raw!$D$2:$D$1001))) -> 3 | I14: =IF(OR($H14="",$H14=0),"",$A14&"|N|"&$H14) -> 9|N|3 | J14: =IF($B14="","",SUMPRODUCT(MIN((Raw!$A$2:$A$1001=$A14)*(Raw!$R$2:$R$1001="C")*Raw!$D$2:$D$1001+(1-(Raw!$A$2:$A$1001=$A14)*(Raw!$R$2:$R$1001="C"))*9999))) -> 4 | K14: =IF(OR($J14="",$J14=0,$J14=9999),"",$A14&"|C|"&$J14) -> 9|C|4 | L14: =IF($I14="","",IF(INDEX(Raw!$I$2:$I$1001,MATCH($I14,Raw!$S$2:$S$1001,0))<>0,"",INDEX(Raw!$H$2:$H$1001,MATCH($I14,Raw!$S$2:$S$1001,0)))) -> 51.069 | M14: =IF($I14="","",IF(INDEX(Raw!$I$2:$I$1001,MATCH($I14,Raw!$S$2:$S$1001,0))<>0,"",INDEX(Raw!$F$2:$F$1001,MATCH($I14,Raw!$S$2:$S$1001,0)))) -> 2995 | N14: =IF($I14="","",IF(INDEX(Raw!$I$2:$I$1001,MATCH($I14,Raw!$S$2:$S$1001,0))<>0,"",INDEX(Raw!$G$2:$G$1001,MATCH($I14,Raw!$S$2:$S$1001,0)))) -> 30.8 | O14: =IF($I14="","",IF(INDEX(Raw!$I$2:$I$1001,MATCH($I14,Raw!$S$2:$S$1001,0))<>0,"",INDEX(Raw!$N$2:$N$1001,MATCH($I14,Raw!$S$2:$S$1001,0)))) -> -5.662 | P14: =IF($K14="","",IF(INDEX(Raw!$I$2:$I$1001,MATCH($K14,Raw!$S$2:$S$1001,0))<>0,"",INDEX(Raw!$K$2:$K$1001,MATCH($K14,Raw!$S$2:$S$1001,0)))) -> 240.154 | Q14: =IF($K14="","",IF(INDEX(Raw!$I$2:$I$1001,MATCH($K14,Raw!$S$2:$S$1001,0))<>0,"",INDEX(Raw!$J$2:$J$1001,MATCH($K14,Raw!$S$2:$S$1001,0)))) -> 10285 | R14: =IF($K14="","",IF(INDEX(Raw!$I$2:$I$1001,MATCH($K14,Raw!$S$2:$S$1001,0))<>0,"",INDEX(Raw!$O$2:$O$1001,MATCH($K14,Raw!$S$2:$S$1001,0)))) -> -9.352 | S14: =IF($B14="","",IF($C14=0,"",IF(INDEX(Setup!$D$37:$D$49,$C14-36)="","",INDEX(Setup!$D$37:$D$49,$C14-36)))) | T14: =IF($B14="","",IF($C14=0,"",IF(INDEX(Setup!$C$37:$C$49,$C14-36)="","",INDEX(Setup!$C$37:$C$49,$C14-36)))) | U14: =IF($B14="","",IF($C14=0,"",IF(INDEX(Setup!$F$37:$F$49,$C14-36)="","",INDEX(Setup!$F$37:$F$49,$C14-36)))) -> 10.36 | V14: =IF($B14="","",IF($C14=0,"",IF(INDEX(Setup!$E$37:$E$49,$C14-36)="","",INDEX(Setup!$E$37:$E$49,$C14-36)))) -> 71.09 | W14: =IF($O14="","",IF(OR(Fits!$C$5<>"Yes",$D14="Blank",$L14<=Fits!$B$6),$O14,($L14*$O14-Fits!$B$6*Fits!$B$7)/($L14-Fits!$B$6))) -> -5.662 | X14: =IF($W14="","",$W14-Fits!$B$20*($L14-Fits!$B$16)) -> -5.662 | Y14: =IF($W14="","",IF(OR(Fits!$B$38="Row",$BI14=""),$A14,$BI14)) -> 9 | Z14: =IF($X14="","",$X14-Fits!$B$39*($Y14-Fits!$B$40)) -> -6.0274539 | AA14: =IF(OR($Z14="",Fits!$B$55<2),"",Fits!$B$56*$Z14+Fits!$B$57) -> -5.1605015 | AB14: =IF($R14="","",IF(OR(Fits!$C$9<>"Yes",$D14="Blank",$P14<=Fits!$B$10),$R14,($P14*$R14-Fits!$B$10*Fits!$B$11)/($P14-Fits!$B$10))) -> -9.352 | AC14: =IF($AB14="","",$AB14-Fits!$B$28*($P14-Fits!$B$24)) -> -9.5470913 | AD14: =IF($AB14="","",IF(OR(Fits!$B$50="Row",$BI14=""),$A14,$BI14)) -> 9 | AE14: =IF($AC14="","",$AC14-Fits!$B$51*($AD14-Fits!$B$52)) -> -9.4827491 | AF14: =IF(OR($AE14="",Fits!$B$62<2),"",Fits!$B$63*$AE14+Fits!$B$64) -> -26.609176 | AG14: =IF(OR($L14="",Fits!$B$69<3),"",($L14-Fits!$B$71)/Fits!$B$70) -> 81.082493 | AH14: =IF(OR($P14="",Fits!$B$75<3),"",($P14-Fits!$B$77)/Fits!$B$76) -> 543.00654 | AI14: =IF(OR($AG14="",$G14="",$G14=0),"",$AG14/($G14*1000)*100) -> 10.289656 | AJ14: =IF(OR($AH14="",$G14="",$G14=0),"",$AH14/($G14*1000)*100) -> 68.909459 | AK14: =IF(OR($AG14="",$AH14="",$AG14<=0),"",($AH14/Setup!$B$52)/($AG14/Setup!$B$53)) -> 7.8098722 | AL14: =IF(OR($AG14="",$AH14="",$AG14<=0),"",$AH14/$AG14) -> 6.696964 | AM14: =IF($D14="Linearity",IF($L14="","",$L14),"") -> 51.069 | AN14: =IF($D14="Linearity",IF($W14="","",$W14),"") -> -5.662 | AO14: =IF($D14="Linearity",IF($P14="","",$P14),"") -> 240.154 | AP14: =IF($D14="Linearity",IF($AB14="","",$AB14),"") -> -9.352 | AQ14: =IF($D14="Drift",IF($A14<IF(Setup!$B$14="",0,Setup!$B$14),"",$A14),"") | AR14: =IF($D14="Drift",IF($A14<IF(Setup!$B$14="",0,Setup!$B$14),"",IF($BI14="","",$BI14)),"") | AS14: =IF($D14="Drift",IF($A14<IF(Setup!$B$14="",0,Setup!$B$14),"",IF(OR($X14="",$BX14=1),"",$X14)),"") | AT14: =IF($D14="Drift",IF($A14<IF(Setup!$B$14="",0,Setup!$B$14),"",IF(OR($AC14="",$BY14=1),"",$AC14)),"") | AU14: =IF($D14="Anchor",IF(OR($Z14="",$S14=""),"",$Z14),"") | AV14: =IF($D14="Anchor",IF(OR($Z14="",$S14=""),"",$S14),"") | AW14: =IF($D14="Anchor",IF(OR($AE14="",$T14=""),"",$AE14),"") | AX14: =IF($D14="Anchor",IF(OR($AE14="",$T14=""),"",$T14),"") | AY14: =IF(OR($D14="Blank",$D14="Exclude",$D14="Sample",$D14="",$G14="",$U14="",$L14=""),"",$G14*1000*$U14/100) -> 81.6368 | AZ14: =IF($AY14="","",$L14) -> 51.069 | BA14: =IF(OR($D14="Blank",$D14="Exclude",$D14="Sample",$D14="",$G14="",$V14="",$P14=""),"",$G14*1000*$V14/100) -> 560.1892 | BB14: =IF($BA14="","",$P14) -> 240.154 | BC14: =IF(AND($D14="Blank",$L14<>""),$O14,"") | BD14: =IF($BC14="","",$L14) | BE14: =IF(AND($D14="Blank",$P14<>""),$R14,"") | BF14: =IF($BE14="","",$P14) | BG14: =IF(AND($D14="Drift",$BX14<>1),IF($AA14="","",$AA14),"") | BH14: =IF(AND($D14="Drift",$BY14<>1),IF($AF14="","",$AF14),"") | BI14: =IF($B14="","",IFERROR(INDEX(Raw!$G$2:$G$1001,MATCH($A14&"|N|"&SUMPRODUCT(MAX((Raw!$A$2:$A$1001=$A14)*(Raw!$R$2:$R$1001="N")*(Raw!$I$2:$I$1001=1)*Raw!$D$2:$D$1001)),Raw!$S$2:$S$1001,0)),"")) -> 28.5 | BJ14: =IF(OR($BI14="",Fits!$B$85<=0),"",($BI14-Fits!$B$83)/Fits!$B$85) -> 0.48648649 | BK14: =IF($AS14="","",IF($A14>=Fits!$B$86,"",$A14)) | BL14: =IF($BK14="","",$X14) | BM14: =IF($AS14="","",IF($A14<Fits!$B$86,"",$A14)) | BN14: =IF($BM14="","",$X14) | BO14: =IF(AND($D14="Drift",$BX14<>1),IF($O14="","",$O14),"") | BP14: =IF(AND($D14="Drift",$BX14<>1),IF($W14="","",$W14),"") | BQ14: =IF(AND($D14="Drift",$BX14<>1),IF($X14="","",$X14),"") | BR14: =IF(AND($D14="Drift",$BX14<>1),IF($Z14="","",$Z14),"") | BS14: =IF(OR($B14="",$H14=""),"",SUMPRODUCT(MIN((Raw!$A$2:$A$1001=$A14)*(Raw!$R$2:$R$1001="N")*(Raw!$I$2:$I$1001=0)*(Raw!$D$2:$D$1001<$H14)*Raw!$D$2:$D$1001+(1-(Raw!$A$2:$A$1001=$A14)*(Raw!$R$2:$R$1001="N")*(Raw!$I$2:$I$1001=0)*(Raw!$D$2:$D$1001<$H14))*9999))) -> 1 | BT14: =IF(OR($BS14="",$BS14=9999,$BS14=0),"",IFERROR(INDEX(Raw!$N$2:$N$1001,MATCH($A14&"|N|"&$BS14,Raw!$S$2:$S$1001,0)),"")) -> -1.323 | BU14: =IF($B14="","",SUMPRODUCT(MIN((Raw!$A$2:$A$1001=$A14)*(Raw!$R$2:$R$1001="C")*(Raw!$I$2:$I$1001=1)*Raw!$D$2:$D$1001+(1-(Raw!$A$2:$A$1001=$A14)*(Raw!$R$2:$R$1001="C")*(Raw!$I$2:$I$1001=1))*9999))) -> 5 | BV14: =IF(OR($BU14="",$BU14=9999),"",SUMPRODUCT(MIN((Raw!$A$2:$A$1001=$A14)*(Raw!$R$2:$R$1001="C")*(Raw!$I$2:$I$1001=0)*(Raw!$D$2:$D$1001>$BU14)*Raw!$D$2:$D$1001+(1-(Raw!$A$2:$A$1001=$A14)*(Raw!$R$2:$R$1001="C")*(Raw!$I$2:$I$1001=0)*(Raw!$D$2:$D$1001>$BU14))*9999))) -> 6 | BW14: =IF(OR($BV14="",$BV14=9999,$BV14=0),"",IFERROR(INDEX(Raw!$O$2:$O$1001,MATCH($A14&"|C|"&$BV14,Raw!$S$2:$S$1001,0)),"")) -> -25.316 | BX14: =IF($B14="","",IF(ISNUMBER(SEARCH(","&$A14&",",","&SUBSTITUTE(Setup!$B$16," ","")&",")),1,0)) -> 0 | BY14: =IF($B14="","",IF(ISNUMBER(SEARCH(","&$A14&",",","&SUBSTITUTE(Setup!$B$17," ","")&",")),1,0)) -> 0 | BZ14: =IF($AS14="","",IF(Fits!$B$38="Row",$AQ14,IF($AR14="","",$AR14))) | CA14: =IF($AT14="","",IF(Fits!$B$50="Row",$AQ14,IF($AR14="","",$AR14))) | CB14: =IF(OR($D14<>"Drift",$X14="",$A14<IF(Setup!$B$14="",0,Setup!$B$14),Fits!$B$107<3,Fits!$B$110="",Fits!$B$109=0,IF(Fits!$B$38="Row",$AQ14,$AR14)=""),"",IF($BX14=1,IF(OR(Fits!$B$111="",Fits!$B$111=0),"",($X14-(IF(Fits!$B$38="Row",Fits!$B$32,Fits!$B$35)*IF(Fits!$B$38="Row",$AQ14,$AR14)+Fits!$B$110))/(Fits!$B$111*SQRT(1+(1/Fits!$B$107+(IF(Fits!$B$38="Row",$AQ14,$AR14)-Fits!$B$108)^2/Fits!$B$109)))),IF(OR(Fits!$B$107<4,(1/Fits!$B$107+(IF(Fits!$B$38="Row",$AQ14,$AR14)-Fits!$B$108)^2/Fits!$B$109)>=1),"",IF((Fits!$B$116-($X14-(IF(Fits!$B$38="Row",Fits!$B$32,Fits!$B$35)*IF(Fits!$B$38="Row",$AQ14,$AR14)+Fits!$B$110))^2/(1-(1/Fits!$B$107+(IF(Fits!$B$38="Row",$AQ14,$AR14)-Fits!$B$108)^2/Fits!$B$109)))<=0,"",($X14-(IF(Fits!$B$38="Row",Fits!$B$32,Fits!$B$35)*IF(Fits!$B$38="Row",$AQ14,$AR14)+Fits!$B$110))/(SQRT((Fits!$B$116-($X14-(IF(Fits!$B$38="Row",Fits!$B$32,Fits!$B$35)*IF(Fits!$B$38="Row",$AQ14,$AR14)+Fits!$B$110))^2/(1-(1/Fits!$B$107+(IF(Fits!$B$38="Row",$AQ14,$AR14)-Fits!$B$108)^2/Fits!$B$109)))/(Fits!$B$107-3))*SQRT(1-(1/Fits!$B$107+(IF(Fits!$B$38="Row",$AQ14,$AR14)-Fits!$B$108)^2/Fits!$B$109))))))) | CC14: =IF(OR($D14<>"Drift",$AC14="",$A14<IF(Setup!$B$14="",0,Setup!$B$14),Fits!$B$120<3,Fits!$B$123="",Fits!$B$122=0,IF(Fits!$B$50="Row",$AQ14,$AR14)=""),"",IF($BY14=1,IF(OR(Fits!$B$124="",Fits!$B$124=0),"",($AC14-(IF(Fits!$B$50="Row",Fits!$B$44,Fits!$B$47)*IF(Fits!$B$50="Row",$AQ14,$AR14)+Fits!$B$123))/(Fits!$B$124*SQRT(1+(1/Fits!$B$120+(IF(Fits!$B$50="Row",$AQ14,$AR14)-Fits!$B$121)^2/Fits!$B$122)))),IF(OR(Fits!$B$120<4,(1/Fits!$B$120+(IF(Fits!$B$50="Row",$AQ14,$AR14)-Fits!$B$121)^2/Fits!$B$122)>=1),"",IF((Fits!$B$129-($AC14-(IF(Fits!$B$50="Row",Fits!$B$44,Fits!$B$47)*IF(Fits!$B$50="Row",$AQ14,$AR14)+Fits!$B$123))^2/(1-(1/Fits!$B$120+(IF(Fits!$B$50="Row",$AQ14,$AR14)-Fits!$B$121)^2/Fits!$B$122)))<=0,"",($AC14-(IF(Fits!$B$50="Row",Fits!$B$44,Fits!$B$47)*IF(Fits!$B$50="Row",$AQ14,$AR14)+Fits!$B$123))/(SQRT((Fits!$B$129-($AC14-(IF(Fits!$B$50="Row",Fits!$B$44,Fits!$B$47)*IF(Fits!$B$50="Row",$AQ14,$AR14)+Fits!$B$123))^2/(1-(1/Fits!$B$120+(IF(Fits!$B$50="Row",$AQ14,$AR14)-Fits!$B$121)^2/Fits!$B$122)))/(Fits!$B$120-3))*SQRT(1-(1/Fits!$B$120+(IF(Fits!$B$50="Row",$AQ14,$AR14)-Fits!$B$121)^2/Fits!$B$122))))))) | CD14: =IF($AU14="","",1) | CE14: =IF($AU14="","",$AU14-Fits!$B$133) | CF14: =IF($AU14="","",($AV14-(Fits!$B$56*$AU14+Fits!$B$57))-Fits!$B$56*($AU14-Fits!$B$133)) | CG14: =IF($AU14="","",$AU14^2) | CH14: =IF($AW14="","",1) | CI14: =IF($AW14="","",$AW14-Fits!$B$153) | CJ14: =IF($AW14="","",($AX14-(Fits!$B$63*$AW14+Fits!$B$64))-Fits!$B$63*($AW14-Fits!$B$153)) | CK14: =IF($AW14="","",$AW14^2) | CL14: =IF(OR($Z14="",Fits!$B$55<3,Fits!$B$133="",Fits!$B$134="",Fits!$B$134=0,Fits!$B$136=""),"",SQRT((Fits!$B$136*Fits!$B$56)^2+SUMPRODUCT((Fits!$J$163:$J$175*(Fits!$B$163:$B$175/Fits!$B$55+Fits!$H$163:$H$175*($Z14-Fits!$B$133)/Fits!$B$134))^2)+SUMPRODUCT((Fits!$G$163:$G$175*(($Z14-Fits!$B$133)*Fits!$I$163:$I$175/Fits!$B$134-Fits!$B$163:$B$175*Fits!$B$56/Fits!$B$55))^2))) -> 0.25547739 | CM14: =IF($CL14="","",Setup!$B$32*$CL14) -> 0.51095479 | CN14: =IF(OR($AE14="",Fits!$B$62<3,Fits!$B$153="",Fits!$B$154="",Fits!$B$154=0,Fits!$B$156=""),"",SQRT((Fits!$B$156*Fits!$B$63)^2+SUMPRODUCT((Fits!$J$183:$J$195*(Fits!$B$183:$B$195/Fits!$B$62+Fits!$H$183:$H$195*($AE14-Fits!$B$153)/Fits!$B$154))^2)+SUMPRODUCT((Fits!$G$183:$G$195*(($AE14-Fits!$B$153)*Fits!$I$183:$I$195/Fits!$B$154-Fits!$B$183:$B$195*Fits!$B$63/Fits!$B$62))^2))) -> 0.037885454 | CO14: =IF($CN14="","",Setup!$B$32*$CN14) -> 0.075770907 | CP14: =IF(OR(NOT(ISNUMBER($BJ14)),$EK14=1),$CP13,IF($BJ14<=Setup!$B$26,$CP13+1,0)) -> 0 | CQ14: =IF($BT14="","",$A14) -> 9 | CR14: =IF($BW14="","",$A14) -> 9 | CS14: =IF($B14="","",IF(Setup!$A$37="",0,IF(ISNUMBER(SEARCH(Setup!$A$37,$B14)),37,0))) -> 0 | CT14: =IF($B14="","",IF(Setup!$A$38="",0,IF(ISNUMBER(SEARCH(Setup!$A$38,$B14)),38,0))) -> 0 | CU14: =IF($B14="","",IF(Setup!$A$39="",0,IF(ISNUMBER(SEARCH(Setup!$A$39,$B14)),39,0))) -> 0 | CV14: =IF($B14="","",IF(Setup!$A$40="",0,IF(ISNUMBER(SEARCH(Setup!$A$40,$B14)),40,0))) -> 0 | CW14: =IF($B14="","",IF(Setup!$A$41="",0,IF(ISNUMBER(SEARCH(Setup!$A$41,$B14)),41,0))) -> 0 | CX14: =IF($B14="","",IF(Setup!$A$42="",0,IF(ISNUMBER(SEARCH(Setup!$A$42,$B14)),42,0))) -> 42 | CY14: =IF($B14="","",IF(Setup!$A$43="",0,IF(ISNUMBER(SEARCH(Setup!$A$43,$B14)),43,0))) -> 0 | CZ14: =IF($B14="","",IF(Setup!$A$44="",0,IF(ISNUMBER(SEARCH(Setup!$A$44,$B14)),44,0))) -> 0 | DA14: =IF($B14="","",IF(Setup!$A$45="",0,IF(ISNUMBER(SEARCH(Setup!$A$45,$B14)),45,0))) -> 0 | DB14: =IF($B14="","",IF(Setup!$A$46="",0,IF(ISNUMBER(SEARCH(Setup!$A$46,$B14)),46,0))) -> 0 | DC14: =IF($B14="","",IF(Setup!$A$47="",0,IF(ISNUMBER(SEARCH(Setup!$A$47,$B14)),47,0))) -> 0 | DD14: =IF($B14="","",IF(Setup!$A$48="",0,IF(ISNUMBER(SEARCH(Setup!$A$48,$B14)),48,0))) -> 0 | DE14: =IF($B14="","",IF(Setup!$A$49="",0,IF(ISNUMBER(SEARCH(Setup!$A$49,$B14)),49,0))) -> 0 | DF14: =IF($B14="",NA(),$A14) -> 9 | DG14: =IF($BI14="",NA(),$BI14) -> 28.5 | DH14: =IF($N14="",NA(),$N14) -> 30.8 | DI14: =IF(AND($D14="Drift",$N14<>""),$N14,NA()) -> #N/A | DJ14: =IF(AND($D14="Drift",$N14<>""),$N14,"") | DK14: =IF($DJ14="","",$A14) | DL14: =IF($AN14="",NA(),$AM14) -> 51.069 | DM14: =IF($AN14="",NA(),$AN14) -> -5.662 | DN14: =IF(AND($D14="Sample",$L14<>""),$L14,NA()) -> #N/A | DO14: =IF(AND($D14="Sample",$L14<>"",Fits!$B$98<>""),Fits!$B$98,NA()) -> #N/A | DP14: =IF($AS14="",NA(),$AS14) -> #N/A | DQ14: =IF(AND($D14="Drift",$AS14="",$X14<>""),$X14,NA()) -> #N/A | DR14: =IF(AND($D14="Drift",$Z14<>""),$Z14,NA()) -> #N/A | DS14: =IF(AND(OR($D14="Sample",$D14="Check"),$AA14<>""),$AA14,NA()) -> #N/A | DT14: =IF(OR($B14="",Fits!$B$138=""),NA(),Fits!$B$138) -> 1.76 | DU14: =IF(OR($B14="",Fits!$B$139=""),NA(),Fits!$B$139) -> 20.68 | DV14: =IF($BT14="",NA(),$BT14) -> -1.323 | DW14: =IF($AP14="",NA(),$AO14) -> 240.154 | DX14: =IF($AP14="",NA(),$AP14) -> -9.352 | DY14: =IF(AND($D14="Sample",$P14<>""),$P14,NA()) -> #N/A | DZ14: =IF(AND($D14="Sample",$P14<>"",Fits!$B$105<>""),Fits!$B$105,NA()) -> #N/A | EA14: =IF($AT14="",NA(),$AT14) -> #N/A | EB14: =IF(AND($D14="Drift",$AT14="",$AC14<>""),$AC14,NA()) -> #N/A | EC14: =IF(AND($D14="Drift",$AE14<>""),$AE14,NA()) -> #N/A | ED14: =IF(AND(OR($D14="Sample",$D14="Check"),$AF14<>""),$AF14,NA()) -> #N/A | EE14: =IF(OR($B14="",Fits!$B$158=""),NA(),Fits!$B$158) -> -40.81 | EF14: =IF(OR($B14="",Fits!$B$159=""),NA(),Fits!$B$159) -> -20.29 | EG14: =IF($BW14="",NA(),$BW14) -> -25.316 | EH14: =IF(AND($EN14=1,ISNUMBER($N14)),$N14,NA()) -> #N/A | EI14: =IF($B14="","",$A14) -> 9 | EJ14: =IF(OR(AND(ISNUMBER($L14),Fits!$B$97>0,$L14>Fits!$B$97),AND(ISNUMBER($P14),Fits!$B$104>0,$P14>Fits!$B$104)),1,0) -> 0 | EK14: =IF(OR($EJ13=1,$EJ12=1),1,0) -> 0 | EL14: =IF(AND($EK14=0,ISNUMBER($N14)),$N14,$EL13) -> 30.8 | EM14: =IF(AND($EK14=1,ISNUMBER($N14),ISNUMBER($EL14)),$N14-$EL14,"") | EN14: =IF(Setup!$B$28="",0,IF(ISNUMBER($EM14),IF($EM14>Setup!$B$28,1,0),0)) -> 0 | EO14: =IF($EN14=1,COUNTIF($EN$6:$EN14,1),"") | EP14: =IF(AND($EJ13=1,OR($D14="Sample",$D14="Check")),1,0) -> 0 | EQ14: =IF(ISNUMBER($BI14),IF(COUNT($BI$6:$BI14)<=5,$BI14,""),"") | ER14: =IF(OR(NOT(ISNUMBER($BJ14)),$EK14=1),$ER13,IF($BJ14<=Setup!$B$26,IF($CP13=0,$A14,$ER13),""))
A15: 10 | B15: =IFERROR(INDEX(Raw!$B$2:$B$1001,MATCH($A15,Raw!$A$2:$A$1001,0)),"") -> Ace Drift1 | C15: =IF($B15="","",MAX($CS15:$DE15)) -> 43 | D15: =IF($B15="","",IF($C15=0,"Sample",INDEX(Setup!$B$37:$B$49,$C15-36))) -> Drift | E15: =IF($B15="","",IFERROR(IF(INDEX(Raw!$E$2:$E$1001,MATCH($A15,Raw!$A$2:$A$1001,0))=0,"",INDEX(Raw!$E$2:$E$1001,MATCH($A15,Raw!$A$2:$A$1001,0))),"")) -> 0.4 | G15: =IF($B15="","",IF($F15<>"",$F15,IF($E15="","",$E15))) -> 0.4 | H15: =IF($B15="","",SUMPRODUCT(MAX((Raw!$A$2:$A$1001=$A15)*(Raw!$R$2:$R$1001="N")*Raw!$D$2:$D$1001))) -> 3 | I15: =IF(OR($H15="",$H15=0),"",$A15&"|N|"&$H15) -> 10|N|3 | J15: =IF($B15="","",SUMPRODUCT(MIN((Raw!$A$2:$A$1001=$A15)*(Raw!$R$2:$R$1001="C")*Raw!$D$2:$D$1001+(1-(Raw!$A$2:$A$1001=$A15)*(Raw!$R$2:$R$1001="C"))*9999))) -> 4 | K15: =IF(OR($J15="",$J15=0,$J15=9999),"",$A15&"|C|"&$J15) -> 10|C|4 | L15: =IF($I15="","",IF(INDEX(Raw!$I$2:$I$1001,MATCH($I15,Raw!$S$2:$S$1001,0))<>0,"",INDEX(Raw!$H$2:$H$1001,MATCH($I15,Raw!$S$2:$S$1001,0)))) -> 26.4 | M15: =IF($I15="","",IF(INDEX(Raw!$I$2:$I$1001,MATCH($I15,Raw!$S$2:$S$1001,0))<>0,"",INDEX(Raw!$F$2:$F$1001,MATCH($I15,Raw!$S$2:$S$1001,0)))) -> 1514 | N15: =IF($I15="","",IF(INDEX(Raw!$I$2:$I$1001,MATCH($I15,Raw!$S$2:$S$1001,0))<>0,"",INDEX(Raw!$G$2:$G$1001,MATCH($I15,Raw!$S$2:$S$1001,0)))) -> 30.3 | O15: =IF($I15="","",IF(INDEX(Raw!$I$2:$I$1001,MATCH($I15,Raw!$S$2:$S$1001,0))<>0,"",INDEX(Raw!$N$2:$N$1001,MATCH($I15,Raw!$S$2:$S$1001,0)))) -> -5.523 | P15: =IF($K15="","",IF(INDEX(Raw!$I$2:$I$1001,MATCH($K15,Raw!$S$2:$S$1001,0))<>0,"",INDEX(Raw!$K$2:$K$1001,MATCH($K15,Raw!$S$2:$S$1001,0)))) -> 125.163 | Q15: =IF($K15="","",IF(INDEX(Raw!$I$2:$I$1001,MATCH($K15,Raw!$S$2:$S$1001,0))<>0,"",INDEX(Raw!$J$2:$J$1001,MATCH($K15,Raw!$S$2:$S$1001,0)))) -> 5679 | R15: =IF($K15="","",IF(INDEX(Raw!$I$2:$I$1001,MATCH($K15,Raw!$S$2:$S$1001,0))<>0,"",INDEX(Raw!$O$2:$O$1001,MATCH($K15,Raw!$S$2:$S$1001,0)))) -> -9.552 | S15: =IF($B15="","",IF($C15=0,"",IF(INDEX(Setup!$D$37:$D$49,$C15-36)="","",INDEX(Setup!$D$37:$D$49,$C15-36)))) | T15: =IF($B15="","",IF($C15=0,"",IF(INDEX(Setup!$C$37:$C$49,$C15-36)="","",INDEX(Setup!$C$37:$C$49,$C15-36)))) | U15: =IF($B15="","",IF($C15=0,"",IF(INDEX(Setup!$F$37:$F$49,$C15-36)="","",INDEX(Setup!$F$37:$F$49,$C15-36)))) -> 10.36 | V15: =IF($B15="","",IF($C15=0,"",IF(INDEX(Setup!$E$37:$E$49,$C15-36)="","",INDEX(Setup!$E$37:$E$49,$C15-36)))) -> 71.09 | W15: =IF($O15="","",IF(OR(Fits!$C$5<>"Yes",$D15="Blank",$L15<=Fits!$B$6),$O15,($L15*$O15-Fits!$B$6*Fits!$B$7)/($L15-Fits!$B$6))) -> -5.523 | X15: =IF($W15="","",$W15-Fits!$B$20*($L15-Fits!$B$16)) -> -5.523 | Y15: =IF($W15="","",IF(OR(Fits!$B$38="Row",$BI15=""),$A15,$BI15)) -> 10 | Z15: =IF($X15="","",$X15-Fits!$B$39*($Y15-Fits!$B$40)) -> -5.8736995 | AA15: =IF(OR($Z15="",Fits!$B$55<2),"",Fits!$B$56*$Z15+Fits!$B$57) -> -5.0026576 | AB15: =IF($R15="","",IF(OR(Fits!$C$9<>"Yes",$D15="Blank",$P15<=Fits!$B$10),$R15,($P15*$R15-Fits!$B$10*Fits!$B$11)/($P15-Fits!$B$10))) -> -9.552 | AC15: =IF($AB15="","",$AB15-Fits!$B$28*($P15-Fits!$B$24)) -> -9.5478405 | AD15: =IF($AB15="","",IF(OR(Fits!$B$50="Row",$BI15=""),$A15,$BI15)) -> 10 | AE15: =IF($AC15="","",$AC15-Fits!$B$51*($AD15-Fits!$B$52)) -> -9.486096 | AF15: =IF(OR($AE15="",Fits!$B$62<2),"",Fits!$B$63*$AE15+Fits!$B$64) -> -26.612571 | AG15: =IF(OR($L15="",Fits!$B$69<3),"",($L15-Fits!$B$71)/Fits!$B$70) -> 40.331565 | AH15: =IF(OR($P15="",Fits!$B$75<3),"",($P15-Fits!$B$77)/Fits!$B$76) -> 281.09686 | AI15: =IF(OR($AG15="",$G15="",$G15=0),"",$AG15/($G15*1000)*100) -> 10.082891 | AJ15: =IF(OR($AH15="",$G15="",$G15=0),"",$AH15/($G15*1000)*100) -> 70.274215 | AK15: =IF(OR($AG15="",$AH15="",$AG15<=0),"",($AH15/Setup!$B$52)/($AG15/Setup!$B$53)) -> 8.1278724 | AL15: =IF(OR($AG15="",$AH15="",$AG15<=0),"",$AH15/$AG15) -> 6.9696491 | AM15: =IF($D15="Linearity",IF($L15="","",$L15),"") | AN15: =IF($D15="Linearity",IF($W15="","",$W15),"") | AO15: =IF($D15="Linearity",IF($P15="","",$P15),"") | AP15: =IF($D15="Linearity",IF($AB15="","",$AB15),"") | AQ15: =IF($D15="Drift",IF($A15<IF(Setup!$B$14="",0,Setup!$B$14),"",$A15),"") -> 10 | AR15: =IF($D15="Drift",IF($A15<IF(Setup!$B$14="",0,Setup!$B$14),"",IF($BI15="","",$BI15)),"") -> 28.1 | AS15: =IF($D15="Drift",IF($A15<IF(Setup!$B$14="",0,Setup!$B$14),"",IF(OR($X15="",$BX15=1),"",$X15)),"") -> -5.523 | AT15: =IF($D15="Drift",IF($A15<IF(Setup!$B$14="",0,Setup!$B$14),"",IF(OR($AC15="",$BY15=1),"",$AC15)),"") -> -9.5478405 | AU15: =IF($D15="Anchor",IF(OR($Z15="",$S15=""),"",$Z15),"") | AV15: =IF($D15="Anchor",IF(OR($Z15="",$S15=""),"",$S15),"") | AW15: =IF($D15="Anchor",IF(OR($AE15="",$T15=""),"",$AE15),"") | AX15: =IF($D15="Anchor",IF(OR($AE15="",$T15=""),"",$T15),"") | AY15: =IF(OR($D15="Blank",$D15="Exclude",$D15="Sample",$D15="",$G15="",$U15="",$L15=""),"",$G15*1000*$U15/100) -> 41.44 | AZ15: =IF($AY15="","",$L15) -> 26.4 | BA15: =IF(OR($D15="Blank",$D15="Exclude",$D15="Sample",$D15="",$G15="",$V15="",$P15=""),"",$G15*1000*$V15/100) -> 284.36 | BB15: =IF($BA15="","",$P15) -> 125.163 | BC15: =IF(AND($D15="Blank",$L15<>""),$O15,"") | BD15: =IF($BC15="","",$L15) | BE15: =IF(AND($D15="Blank",$P15<>""),$R15,"") | BF15: =IF($BE15="","",$P15) | BG15: =IF(AND($D15="Drift",$BX15<>1),IF($AA15="","",$AA15),"") -> -5.0026576 | BH15: =IF(AND($D15="Drift",$BY15<>1),IF($AF15="","",$AF15),"") -> -26.612571 | BI15: =IF($B15="","",IFERROR(INDEX(Raw!$G$2:$G$1001,MATCH($A15&"|N|"&SUMPRODUCT(MAX((Raw!$A$2:$A$1001=$A15)*(Raw!$R$2:$R$1001="N")*(Raw!$I$2:$I$1001=1)*Raw!$D$2:$D$1001)),Raw!$S$2:$S$1001,0)),"")) -> 28.1 | BJ15: =IF(OR($BI15="",Fits!$B$85<=0),"",($BI15-Fits!$B$83)/Fits!$B$85) -> 0.45045045 | BK15: =IF($AS15="","",IF($A15>=Fits!$B$86,"",$A15)) -> 10 | BL15: =IF($BK15="","",$X15) -> -5.523 | BM15: =IF($AS15="","",IF($A15<Fits!$B$86,"",$A15)) | BN15: =IF($BM15="","",$X15) | BO15: =IF(AND($D15="Drift",$BX15<>1),IF($O15="","",$O15),"") -> -5.523 | BP15: =IF(AND($D15="Drift",$BX15<>1),IF($W15="","",$W15),"") -> -5.523 | BQ15: =IF(AND($D15="Drift",$BX15<>1),IF($X15="","",$X15),"") -> -5.523 | BR15: =IF(AND($D15="Drift",$BX15<>1),IF($Z15="","",$Z15),"") -> -5.8736995 | BS15: =IF(OR($B15="",$H15=""),"",SUMPRODUCT(MIN((Raw!$A$2:$A$1001=$A15)*(Raw!$R$2:$R$1001="N")*(Raw!$I$2:$I$1001=0)*(Raw!$D$2:$D$1001<$H15)*Raw!$D$2:$D$1001+(1-(Raw!$A$2:$A$1001=$A15)*(Raw!$R$2:$R$1001="N")*(Raw!$I$2:$I$1001=0)*(Raw!$D$2:$D$1001<$H15))*9999))) -> 1 | BT15: =IF(OR($BS15="",$BS15=9999,$BS15=0),"",IFERROR(INDEX(Raw!$N$2:$N$1001,MATCH($A15&"|N|"&$BS15,Raw!$S$2:$S$1001,0)),"")) -> -1.284 | BU15: =IF($B15="","",SUMPRODUCT(MIN((Raw!$A$2:$A$1001=$A15)*(Raw!$R$2:$R$1001="C")*(Raw!$I$2:$I$1001=1)*Raw!$D$2:$D$1001+(1-(Raw!$A$2:$A$1001=$A15)*(Raw!$R$2:$R$1001="C")*(Raw!$I$2:$I$1001=1))*9999))) -> 5 | BV15: =IF(OR($BU15="",$BU15=9999),"",SUMPRODUCT(MIN((Raw!$A$2:$A$1001=$A15)*(Raw!$R$2:$R$1001="C")*(Raw!$I$2:$I$1001=0)*(Raw!$D$2:$D$1001>$BU15)*Raw!$D$2:$D$1001+(1-(Raw!$A$2:$A$1001=$A15)*(Raw!$R$2:$R$1001="C")*(Raw!$I$2:$I$1001=0)*(Raw!$D$2:$D$1001>$BU15))*9999))) -> 6 | BW15: =IF(OR($BV15="",$BV15=9999,$BV15=0),"",IFERROR(INDEX(Raw!$O$2:$O$1001,MATCH($A15&"|C|"&$BV15,Raw!$S$2:$S$1001,0)),"")) -> -25.36 | BX15: =IF($B15="","",IF(ISNUMBER(SEARCH(","&$A15&",",","&SUBSTITUTE(Setup!$B$16," ","")&",")),1,0)) -> 0 | BY15: =IF($B15="","",IF(ISNUMBER(SEARCH(","&$A15&",",","&SUBSTITUTE(Setup!$B$17," ","")&",")),1,0)) -> 0 | BZ15: =IF($AS15="","",IF(Fits!$B$38="Row",$AQ15,IF($AR15="","",$AR15))) -> 10 | CA15: =IF($AT15="","",IF(Fits!$B$50="Row",$AQ15,IF($AR15="","",$AR15))) -> 10 | CB15: =IF(OR($D15<>"Drift",$X15="",$A15<IF(Setup!$B$14="",0,Setup!$B$14),Fits!$B$107<3,Fits!$B$110="",Fits!$B$109=0,IF(Fits!$B$38="Row",$AQ15,$AR15)=""),"",IF($BX15=1,IF(OR(Fits!$B$111="",Fits!$B$111=0),"",($X15-(IF(Fits!$B$38="Row",Fits!$B$32,Fits!$B$35)*IF(Fits!$B$38="Row",$AQ15,$AR15)+Fits!$B$110))/(Fits!$B$111*SQRT(1+(1/Fits!$B$107+(IF(Fits!$B$38="Row",$AQ15,$AR15)-Fits!$B$108)^2/Fits!$B$109)))),IF(OR(Fits!$B$107<4,(1/Fits!$B$107+(IF(Fits!$B$38="Row",$AQ15,$AR15)-Fits!$B$108)^2/Fits!$B$109)>=1),"",IF((Fits!$B$116-($X15-(IF(Fits!$B$38="Row",Fits!$B$32,Fits!$B$35)*IF(Fits!$B$38="Row",$AQ15,$AR15)+Fits!$B$110))^2/(1-(1/Fits!$B$107+(IF(Fits!$B$38="Row",$AQ15,$AR15)-Fits!$B$108)^2/Fits!$B$109)))<=0,"",($X15-(IF(Fits!$B$38="Row",Fits!$B$32,Fits!$B$35)*IF(Fits!$B$38="Row",$AQ15,$AR15)+Fits!$B$110))/(SQRT((Fits!$B$116-($X15-(IF(Fits!$B$38="Row",Fits!$B$32,Fits!$B$35)*IF(Fits!$B$38="Row",$AQ15,$AR15)+Fits!$B$110))^2/(1-(1/Fits!$B$107+(IF(Fits!$B$38="Row",$AQ15,$AR15)-Fits!$B$108)^2/Fits!$B$109)))/(Fits!$B$107-3))*SQRT(1-(1/Fits!$B$107+(IF(Fits!$B$38="Row",$AQ15,$AR15)-Fits!$B$108)^2/Fits!$B$109))))))) -> 2.1951439 | CC15: =IF(OR($D15<>"Drift",$AC15="",$A15<IF(Setup!$B$14="",0,Setup!$B$14),Fits!$B$120<3,Fits!$B$123="",Fits!$B$122=0,IF(Fits!$B$50="Row",$AQ15,$AR15)=""),"",IF($BY15=1,IF(OR(Fits!$B$124="",Fits!$B$124=0),"",($AC15-(IF(Fits!$B$50="Row",Fits!$B$44,Fits!$B$47)*IF(Fits!$B$50="Row",$AQ15,$AR15)+Fits!$B$123))/(Fits!$B$124*SQRT(1+(1/Fits!$B$120+(IF(Fits!$B$50="Row",$AQ15,$AR15)-Fits!$B$121)^2/Fits!$B$122)))),IF(OR(Fits!$B$120<4,(1/Fits!$B$120+(IF(Fits!$B$50="Row",$AQ15,$AR15)-Fits!$B$121)^2/Fits!$B$122)>=1),"",IF((Fits!$B$129-($AC15-(IF(Fits!$B$50="Row",Fits!$B$44,Fits!$B$47)*IF(Fits!$B$50="Row",$AQ15,$AR15)+Fits!$B$123))^2/(1-(1/Fits!$B$120+(IF(Fits!$B$50="Row",$AQ15,$AR15)-Fits!$B$121)^2/Fits!$B$122)))<=0,"",($AC15-(IF(Fits!$B$50="Row",Fits!$B$44,Fits!$B$47)*IF(Fits!$B$50="Row",$AQ15,$AR15)+Fits!$B$123))/(SQRT((Fits!$B$129-($AC15-(IF(Fits!$B$50="Row",Fits!$B$44,Fits!$B$47)*IF(Fits!$B$50="Row",$AQ15,$AR15)+Fits!$B$123))^2/(1-(1/Fits!$B$120+(IF(Fits!$B$50="Row",$AQ15,$AR15)-Fits!$B$121)^2/Fits!$B$122)))/(Fits!$B$120-3))*SQRT(1-(1/Fits!$B$120+(IF(Fits!$B$50="Row",$AQ15,$AR15)-Fits!$B$121)^2/Fits!$B$122))))))) -> -0.17849584 | CD15: =IF($AU15="","",1) | CE15: =IF($AU15="","",$AU15-Fits!$B$133) | CF15: =IF($AU15="","",($AV15-(Fits!$B$56*$AU15+Fits!$B$57))-Fits!$B$56*($AU15-Fits!$B$133)) | CG15: =IF($AU15="","",$AU15^2) | CH15: =IF($AW15="","",1) | CI15: =IF($AW15="","",$AW15-Fits!$B$153) | CJ15: =IF($AW15="","",($AX15-(Fits!$B$63*$AW15+Fits!$B$64))-Fits!$B$63*($AW15-Fits!$B$153)) | CK15: =IF($AW15="","",$AW15^2) | CL15: =IF(OR($Z15="",Fits!$B$55<3,Fits!$B$133="",Fits!$B$134="",Fits!$B$134=0,Fits!$B$136=""),"",SQRT((Fits!$B$136*Fits!$B$56)^2+SUMPRODUCT((Fits!$J$163:$J$175*(Fits!$B$163:$B$175/Fits!$B$55+Fits!$H$163:$H$175*($Z15-Fits!$B$133)/Fits!$B$134))^2)+SUMPRODUCT((Fits!$G$163:$G$175*(($Z15-Fits!$B$133)*Fits!$I$163:$I$175/Fits!$B$134-Fits!$B$163:$B$175*Fits!$B$56/Fits!$B$55))^2))) -> 0.25455863 | CM15: =IF($CL15="","",Setup!$B$32*$CL15) -> 0.50911726 | CN15: =IF(OR($AE15="",Fits!$B$62<3,Fits!$B$153="",Fits!$B$154="",Fits!$B$154=0,Fits!$B$156=""),"",SQRT((Fits!$B$156*Fits!$B$63)^2+SUMPRODUCT((Fits!$J$183:$J$195*(Fits!$B$183:$B$195/Fits!$B$62+Fits!$H$183:$H$195*($AE15-Fits!$B$153)/Fits!$B$154))^2)+SUMPRODUCT((Fits!$G$183:$G$195*(($AE15-Fits!$B$153)*Fits!$I$183:$I$195/Fits!$B$154-Fits!$B$183:$B$195*Fits!$B$63/Fits!$B$62))^2))) -> 0.037882529 | CO15: =IF($CN15="","",Setup!$B$32*$CN15) -> 0.075765059 | CP15: =IF(OR(NOT(ISNUMBER($BJ15)),$EK15=1),$CP14,IF($BJ15<=Setup!$B$26,$CP14+1,0)) -> 0 | CQ15: =IF($BT15="","",$A15) -> 10 | CR15: =IF($BW15="","",$A15) -> 10 | CS15: =IF($B15="","",IF(Setup!$A$37="",0,IF(ISNUMBER(SEARCH(Setup!$A$37,$B15)),37,0))) -> 0 | CT15: =IF($B15="","",IF(Setup!$A$38="",0,IF(ISNUMBER(SEARCH(Setup!$A$38,$B15)),38,0))) -> 0 | CU15: =IF($B15="","",IF(Setup!$A$39="",0,IF(ISNUMBER(SEARCH(Setup!$A$39,$B15)),39,0))) -> 0 | CV15: =IF($B15="","",IF(Setup!$A$40="",0,IF(ISNUMBER(SEARCH(Setup!$A$40,$B15)),40,0))) -> 0 | CW15: =IF($B15="","",IF(Setup!$A$41="",0,IF(ISNUMBER(SEARCH(Setup!$A$41,$B15)),41,0))) -> 0 | CX15: =IF($B15="","",IF(Setup!$A$42="",0,IF(ISNUMBER(SEARCH(Setup!$A$42,$B15)),42,0))) -> 0 | CY15: =IF($B15="","",IF(Setup!$A$43="",0,IF(ISNUMBER(SEARCH(Setup!$A$43,$B15)),43,0))) -> 43 | CZ15: =IF($B15="","",IF(Setup!$A$44="",0,IF(ISNUMBER(SEARCH(Setup!$A$44,$B15)),44,0))) -> 0 | DA15: =IF($B15="","",IF(Setup!$A$45="",0,IF(ISNUMBER(SEARCH(Setup!$A$45,$B15)),45,0))) -> 0 | DB15: =IF($B15="","",IF(Setup!$A$46="",0,IF(ISNUMBER(SEARCH(Setup!$A$46,$B15)),46,0))) -> 0 | DC15: =IF($B15="","",IF(Setup!$A$47="",0,IF(ISNUMBER(SEARCH(Setup!$A$47,$B15)),47,0))) -> 0 | DD15: =IF($B15="","",IF(Setup!$A$48="",0,IF(ISNUMBER(SEARCH(Setup!$A$48,$B15)),48,0))) -> 0 | DE15: =IF($B15="","",IF(Setup!$A$49="",0,IF(ISNUMBER(SEARCH(Setup!$A$49,$B15)),49,0))) -> 0 | DF15: =IF($B15="",NA(),$A15) -> 10 | DG15: =IF($BI15="",NA(),$BI15) -> 28.1 | DH15: =IF($N15="",NA(),$N15) -> 30.3 | DI15: =IF(AND($D15="Drift",$N15<>""),$N15,NA()) -> 30.3 | DJ15: =IF(AND($D15="Drift",$N15<>""),$N15,"") -> 30.3 | DK15: =IF($DJ15="","",$A15) -> 10 | DL15: =IF($AN15="",NA(),$AM15) -> #N/A | DM15: =IF($AN15="",NA(),$AN15) -> #N/A | DN15: =IF(AND($D15="Sample",$L15<>""),$L15,NA()) -> #N/A | DO15: =IF(AND($D15="Sample",$L15<>"",Fits!$B$98<>""),Fits!$B$98,NA()) -> #N/A | DP15: =IF($AS15="",NA(),$AS15) -> -5.523 | DQ15: =IF(AND($D15="Drift",$AS15="",$X15<>""),$X15,NA()) -> #N/A | DR15: =IF(AND($D15="Drift",$Z15<>""),$Z15,NA()) -> -5.8736995 | DS15: =IF(AND(OR($D15="Sample",$D15="Check"),$AA15<>""),$AA15,NA()) -> #N/A | DT15: =IF(OR($B15="",Fits!$B$138=""),NA(),Fits!$B$138) -> 1.76 | DU15: =IF(OR($B15="",Fits!$B$139=""),NA(),Fits!$B$139) -> 20.68 | DV15: =IF($BT15="",NA(),$BT15) -> -1.284 | DW15: =IF($AP15="",NA(),$AO15) -> #N/A | DX15: =IF($AP15="",NA(),$AP15) -> #N/A | DY15: =IF(AND($D15="Sample",$P15<>""),$P15,NA()) -> #N/A | DZ15: =IF(AND($D15="Sample",$P15<>"",Fits!$B$105<>""),Fits!$B$105,NA()) -> #N/A | EA15: =IF($AT15="",NA(),$AT15) -> -9.5478405 | EB15: =IF(AND($D15="Drift",$AT15="",$AC15<>""),$AC15,NA()) -> #N/A | EC15: =IF(AND($D15="Drift",$AE15<>""),$AE15,NA()) -> -9.486096 | ED15: =IF(AND(OR($D15="Sample",$D15="Check"),$AF15<>""),$AF15,NA()) -> #N/A | EE15: =IF(OR($B15="",Fits!$B$158=""),NA(),Fits!$B$158) -> -40.81 | EF15: =IF(OR($B15="",Fits!$B$159=""),NA(),Fits!$B$159) -> -20.29 | EG15: =IF($BW15="",NA(),$BW15) -> -25.36 | EH15: =IF(AND($EN15=1,ISNUMBER($N15)),$N15,NA()) -> #N/A | EI15: =IF($B15="","",$A15) -> 10 | EJ15: =IF(OR(AND(ISNUMBER($L15),Fits!$B$97>0,$L15>Fits!$B$97),AND(ISNUMBER($P15),Fits!$B$104>0,$P15>Fits!$B$104)),1,0) -> 0 | EK15: =IF(OR($EJ14=1,$EJ13=1),1,0) -> 0 | EL15: =IF(AND($EK15=0,ISNUMBER($N15)),$N15,$EL14) -> 30.3 | EM15: =IF(AND($EK15=1,ISNUMBER($N15),ISNUMBER($EL15)),$N15-$EL15,"") | EN15: =IF(Setup!$B$28="",0,IF(ISNUMBER($EM15),IF($EM15>Setup!$B$28,1,0),0)) -> 0 | EO15: =IF($EN15=1,COUNTIF($EN$6:$EN15,1),"") | EP15: =IF(AND($EJ14=1,OR($D15="Sample",$D15="Check")),1,0) -> 0 | EQ15: =IF(ISNUMBER($BI15),IF(COUNT($BI$6:$BI15)<=5,$BI15,""),"") | ER15: =IF(OR(NOT(ISNUMBER($BJ15)),$EK15=1),$ER14,IF($BJ15<=Setup!$B$26,IF($CP14=0,$A15,$ER14),""))
A16: 11 | B16: =IFERROR(INDEX(Raw!$B$2:$B$1001,MATCH($A16,Raw!$A$2:$A$1001,0)),"") -> USGS 64 | C16: =IF($B16="","",MAX($CS16:$DE16)) -> 37 | D16: =IF($B16="","",IF($C16=0,"Sample",INDEX(Setup!$B$37:$B$49,$C16-36))) -> Anchor | E16: =IF($B16="","",IFERROR(IF(INDEX(Raw!$E$2:$E$1001,MATCH($A16,Raw!$A$2:$A$1001,0))=0,"",INDEX(Raw!$E$2:$E$1001,MATCH($A16,Raw!$A$2:$A$1001,0))),"")) -> 0.397 | G16: =IF($B16="","",IF($F16<>"",$F16,IF($E16="","",$E16))) -> 0.397 | H16: =IF($B16="","",SUMPRODUCT(MAX((Raw!$A$2:$A$1001=$A16)*(Raw!$R$2:$R$1001="N")*Raw!$D$2:$D$1001))) -> 3 | I16: =IF(OR($H16="",$H16=0),"",$A16&"|N|"&$H16) -> 11|N|3 | J16: =IF($B16="","",SUMPRODUCT(MIN((Raw!$A$2:$A$1001=$A16)*(Raw!$R$2:$R$1001="C")*Raw!$D$2:$D$1001+(1-(Raw!$A$2:$A$1001=$A16)*(Raw!$R$2:$R$1001="C"))*9999))) -> 4 | K16: =IF(OR($J16="",$J16=0,$J16=9999),"",$A16&"|C|"&$J16) -> 11|C|4 | L16: =IF($I16="","",IF(INDEX(Raw!$I$2:$I$1001,MATCH($I16,Raw!$S$2:$S$1001,0))<>0,"",INDEX(Raw!$H$2:$H$1001,MATCH($I16,Raw!$S$2:$S$1001,0)))) -> 46.912 | M16: =IF($I16="","",IF(INDEX(Raw!$I$2:$I$1001,MATCH($I16,Raw!$S$2:$S$1001,0))<>0,"",INDEX(Raw!$F$2:$F$1001,MATCH($I16,Raw!$S$2:$S$1001,0)))) -> 2696 | N16: =IF($I16="","",IF(INDEX(Raw!$I$2:$I$1001,MATCH($I16,Raw!$S$2:$S$1001,0))<>0,"",INDEX(Raw!$G$2:$G$1001,MATCH($I16,Raw!$S$2:$S$1001,0)))) -> 30 | O16: =IF($I16="","",IF(INDEX(Raw!$I$2:$I$1001,MATCH($I16,Raw!$S$2:$S$1001,0))<>0,"",INDEX(Raw!$N$2:$N$1001,MATCH($I16,Raw!$S$2:$S$1001,0)))) -> 0.951 | P16: =IF($K16="","",IF(INDEX(Raw!$I$2:$I$1001,MATCH($K16,Raw!$S$2:$S$1001,0))<>0,"",INDEX(Raw!$K$2:$K$1001,MATCH($K16,Raw!$S$2:$S$1001,0)))) -> 56.217 | Q16: =IF($K16="","",IF(INDEX(Raw!$I$2:$I$1001,MATCH($K16,Raw!$S$2:$S$1001,0))<>0,"",INDEX(Raw!$J$2:$J$1001,MATCH($K16,Raw!$S$2:$S$1001,0)))) -> 2564 | R16: =IF($K16="","",IF(INDEX(Raw!$I$2:$I$1001,MATCH($K16,Raw!$S$2:$S$1001,0))<>0,"",INDEX(Raw!$O$2:$O$1001,MATCH($K16,Raw!$S$2:$S$1001,0)))) -> -23.653 | S16: =IF($B16="","",IF($C16=0,"",IF(INDEX(Setup!$D$37:$D$49,$C16-36)="","",INDEX(Setup!$D$37:$D$49,$C16-36)))) -> 1.76 | T16: =IF($B16="","",IF($C16=0,"",IF(INDEX(Setup!$C$37:$C$49,$C16-36)="","",INDEX(Setup!$C$37:$C$49,$C16-36)))) -> -40.81 | U16: =IF($B16="","",IF($C16=0,"",IF(INDEX(Setup!$F$37:$F$49,$C16-36)="","",INDEX(Setup!$F$37:$F$49,$C16-36)))) -> 18.66 | V16: =IF($B16="","",IF($C16=0,"",IF(INDEX(Setup!$E$37:$E$49,$C16-36)="","",INDEX(Setup!$E$37:$E$49,$C16-36)))) -> 32 | W16: =IF($O16="","",IF(OR(Fits!$C$5<>"Yes",$D16="Blank",$L16<=Fits!$B$6),$O16,($L16*$O16-Fits!$B$6*Fits!$B$7)/($L16-Fits!$B$6))) -> 0.951 | X16: =IF($W16="","",$W16-Fits!$B$20*($L16-Fits!$B$16)) -> 0.951 | Y16: =IF($W16="","",IF(OR(Fits!$B$38="Row",$BI16=""),$A16,$BI16)) -> 11 | Z16: =IF($X16="","",$X16-Fits!$B$39*($Y16-Fits!$B$40)) -> 0.6150548 | AA16: =IF(OR($Z16="",Fits!$B$55<2),"",Fits!$B$56*$Z16+Fits!$B$57) -> 1.658683 | AB16: =IF($R16="","",IF(OR(Fits!$C$9<>"Yes",$D16="Blank",$P16<=Fits!$B$10),$R16,($P16*$R16-Fits!$B$10*Fits!$B$11)/($P16-Fits!$B$10))) -> -23.653 | AC16: =IF($AB16="","",$AB16-Fits!$B$28*($P16-Fits!$B$24)) -> -23.529374 | AD16: =IF($AB16="","",IF(OR(Fits!$B$50="Row",$BI16=""),$A16,$BI16)) -> 11 | AE16: =IF($AC16="","",$AC16-Fits!$B$51*($AD16-Fits!$B$52)) -> -23.470227 | AF16: =IF(OR($AE16="",Fits!$B$62<2),"",Fits!$B$63*$AE16+Fits!$B$64) -> -40.794586 | AG16: =IF(OR($L16="",Fits!$B$69<3),"",($L16-Fits!$B$71)/Fits!$B$70) -> 74.21551 | AH16: =IF(OR($P16="",Fits!$B$75<3),"",($P16-Fits!$B$77)/Fits!$B$76) -> 124.06174 | AI16: =IF(OR($AG16="",$G16="",$G16=0),"",$AG16/($G16*1000)*100) -> 18.694083 | AJ16: =IF(OR($AH16="",$G16="",$G16=0),"",$AH16/($G16*1000)*100) -> 31.24981 | AK16: =IF(OR($AG16="",$AH16="",$AG16<=0),"",($AH16/Setup!$B$52)/($AG16/Setup!$B$53)) -> 1.9494368 | AL16: =IF(OR($AG16="",$AH16="",$AG16<=0),"",$AH16/$AG16) -> 1.6716417 | AM16: =IF($D16="Linearity",IF($L16="","",$L16),"") | AN16: =IF($D16="Linearity",IF($W16="","",$W16),"") | AO16: =IF($D16="Linearity",IF($P16="","",$P16),"") | AP16: =IF($D16="Linearity",IF($AB16="","",$AB16),"") | AQ16: =IF($D16="Drift",IF($A16<IF(Setup!$B$14="",0,Setup!$B$14),"",$A16),"") | AR16: =IF($D16="Drift",IF($A16<IF(Setup!$B$14="",0,Setup!$B$14),"",IF($BI16="","",$BI16)),"") | AS16: =IF($D16="Drift",IF($A16<IF(Setup!$B$14="",0,Setup!$B$14),"",IF(OR($X16="",$BX16=1),"",$X16)),"") | AT16: =IF($D16="Drift",IF($A16<IF(Setup!$B$14="",0,Setup!$B$14),"",IF(OR($AC16="",$BY16=1),"",$AC16)),"") | AU16: =IF($D16="Anchor",IF(OR($Z16="",$S16=""),"",$Z16),"") -> 0.6150548 | AV16: =IF($D16="Anchor",IF(OR($Z16="",$S16=""),"",$S16),"") -> 1.76 | AW16: =IF($D16="Anchor",IF(OR($AE16="",$T16=""),"",$AE16),"") -> -23.470227 | AX16: =IF($D16="Anchor",IF(OR($AE16="",$T16=""),"",$T16),"") -> -40.81 | AY16: =IF(OR($D16="Blank",$D16="Exclude",$D16="Sample",$D16="",$G16="",$U16="",$L16=""),"",$G16*1000*$U16/100) -> 74.0802 | AZ16: =IF($AY16="","",$L16) -> 46.912 | BA16: =IF(OR($D16="Blank",$D16="Exclude",$D16="Sample",$D16="",$G16="",$V16="",$P16=""),"",$G16*1000*$V16/100) -> 127.04 | BB16: =IF($BA16="","",$P16) -> 56.217 | BC16: =IF(AND($D16="Blank",$L16<>""),$O16,"") | BD16: =IF($BC16="","",$L16) | BE16: =IF(AND($D16="Blank",$P16<>""),$R16,"") | BF16: =IF($BE16="","",$P16) | BG16: =IF(AND($D16="Drift",$BX16<>1),IF($AA16="","",$AA16),"") | BH16: =IF(AND($D16="Drift",$BY16<>1),IF($AF16="","",$AF16),"") | BI16: =IF($B16="","",IFERROR(INDEX(Raw!$G$2:$G$1001,MATCH($A16&"|N|"&SUMPRODUCT(MAX((Raw!$A$2:$A$1001=$A16)*(Raw!$R$2:$R$1001="N")*(Raw!$I$2:$I$1001=1)*Raw!$D$2:$D$1001)),Raw!$S$2:$S$1001,0)),"")) -> 27.7 | BJ16: =IF(OR($BI16="",Fits!$B$85<=0),"",($BI16-Fits!$B$83)/Fits!$B$85) -> 0.41441441 | BK16: =IF($AS16="","",IF($A16>=Fits!$B$86,"",$A16)) | BL16: =IF($BK16="","",$X16) | BM16: =IF($AS16="","",IF($A16<Fits!$B$86,"",$A16)) | BN16: =IF($BM16="","",$X16) | BO16: =IF(AND($D16="Drift",$BX16<>1),IF($O16="","",$O16),"") | BP16: =IF(AND($D16="Drift",$BX16<>1),IF($W16="","",$W16),"") | BQ16: =IF(AND($D16="Drift",$BX16<>1),IF($X16="","",$X16),"") | BR16: =IF(AND($D16="Drift",$BX16<>1),IF($Z16="","",$Z16),"") | BS16: =IF(OR($B16="",$H16=""),"",SUMPRODUCT(MIN((Raw!$A$2:$A$1001=$A16)*(Raw!$R$2:$R$1001="N")*(Raw!$I$2:$I$1001=0)*(Raw!$D$2:$D$1001<$H16)*Raw!$D$2:$D$1001+(1-(Raw!$A$2:$A$1001=$A16)*(Raw!$R$2:$R$1001="N")*(Raw!$I$2:$I$1001=0)*(Raw!$D$2:$D$1001<$H16))*9999))) -> 1 | BT16: =IF(OR($BS16="",$BS16=9999,$BS16=0),"",IFERROR(INDEX(Raw!$N$2:$N$1001,MATCH($A16&"|N|"&$BS16,Raw!$S$2:$S$1001,0)),"")) -> -1.203 | BU16: =IF($B16="","",SUMPRODUCT(MIN((Raw!$A$2:$A$1001=$A16)*(Raw!$R$2:$R$1001="C")*(Raw!$I$2:$I$1001=1)*Raw!$D$2:$D$1001+(1-(Raw!$A$2:$A$1001=$A16)*(Raw!$R$2:$R$1001="C")*(Raw!$I$2:$I$1001=1))*9999))) -> 5 | BV16: =IF(OR($BU16="",$BU16=9999),"",SUMPRODUCT(MIN((Raw!$A$2:$A$1001=$A16)*(Raw!$R$2:$R$1001="C")*(Raw!$I$2:$I$1001=0)*(Raw!$D$2:$D$1001>$BU16)*Raw!$D$2:$D$1001+(1-(Raw!$A$2:$A$1001=$A16)*(Raw!$R$2:$R$1001="C")*(Raw!$I$2:$I$1001=0)*(Raw!$D$2:$D$1001>$BU16))*9999))) -> 6 | BW16: =IF(OR($BV16="",$BV16=9999,$BV16=0),"",IFERROR(INDEX(Raw!$O$2:$O$1001,MATCH($A16&"|C|"&$BV16,Raw!$S$2:$S$1001,0)),"")) -> -25.384 | BX16: =IF($B16="","",IF(ISNUMBER(SEARCH(","&$A16&",",","&SUBSTITUTE(Setup!$B$16," ","")&",")),1,0)) -> 0 | BY16: =IF($B16="","",IF(ISNUMBER(SEARCH(","&$A16&",",","&SUBSTITUTE(Setup!$B$17," ","")&",")),1,0)) -> 0 | BZ16: =IF($AS16="","",IF(Fits!$B$38="Row",$AQ16,IF($AR16="","",$AR16))) | CA16: =IF($AT16="","",IF(Fits!$B$50="Row",$AQ16,IF($AR16="","",$AR16))) | CB16: =IF(OR($D16<>"Drift",$X16="",$A16<IF(Setup!$B$14="",0,Setup!$B$14),Fits!$B$107<3,Fits!$B$110="",Fits!$B$109=0,IF(Fits!$B$38="Row",$AQ16,$AR16)=""),"",IF($BX16=1,IF(OR(Fits!$B$111="",Fits!$B$111=0),"",($X16-(IF(Fits!$B$38="Row",Fits!$B$32,Fits!$B$35)*IF(Fits!$B$38="Row",$AQ16,$AR16)+Fits!$B$110))/(Fits!$B$111*SQRT(1+(1/Fits!$B$107+(IF(Fits!$B$38="Row",$AQ16,$AR16)-Fits!$B$108)^2/Fits!$B$109)))),IF(OR(Fits!$B$107<4,(1/Fits!$B$107+(IF(Fits!$B$38="Row",$AQ16,$AR16)-Fits!$B$108)^2/Fits!$B$109)>=1),"",IF((Fits!$B$116-($X16-(IF(Fits!$B$38="Row",Fits!$B$32,Fits!$B$35)*IF(Fits!$B$38="Row",$AQ16,$AR16)+Fits!$B$110))^2/(1-(1/Fits!$B$107+(IF(Fits!$B$38="Row",$AQ16,$AR16)-Fits!$B$108)^2/Fits!$B$109)))<=0,"",($X16-(IF(Fits!$B$38="Row",Fits!$B$32,Fits!$B$35)*IF(Fits!$B$38="Row",$AQ16,$AR16)+Fits!$B$110))/(SQRT((Fits!$B$116-($X16-(IF(Fits!$B$38="Row",Fits!$B$32,Fits!$B$35)*IF(Fits!$B$38="Row",$AQ16,$AR16)+Fits!$B$110))^2/(1-(1/Fits!$B$107+(IF(Fits!$B$38="Row",$AQ16,$AR16)-Fits!$B$108)^2/Fits!$B$109)))/(Fits!$B$107-3))*SQRT(1-(1/Fits!$B$107+(IF(Fits!$B$38="Row",$AQ16,$AR16)-Fits!$B$108)^2/Fits!$B$109))))))) | CC16: =IF(OR($D16<>"Drift",$AC16="",$A16<IF(Setup!$B$14="",0,Setup!$B$14),Fits!$B$120<3,Fits!$B$123="",Fits!$B$122=0,IF(Fits!$B$50="Row",$AQ16,$AR16)=""),"",IF($BY16=1,IF(OR(Fits!$B$124="",Fits!$B$124=0),"",($AC16-(IF(Fits!$B$50="Row",Fits!$B$44,Fits!$B$47)*IF(Fits!$B$50="Row",$AQ16,$AR16)+Fits!$B$123))/(Fits!$B$124*SQRT(1+(1/Fits!$B$120+(IF(Fits!$B$50="Row",$AQ16,$AR16)-Fits!$B$121)^2/Fits!$B$122)))),IF(OR(Fits!$B$120<4,(1/Fits!$B$120+(IF(Fits!$B$50="Row",$AQ16,$AR16)-Fits!$B$121)^2/Fits!$B$122)>=1),"",IF((Fits!$B$129-($AC16-(IF(Fits!$B$50="Row",Fits!$B$44,Fits!$B$47)*IF(Fits!$B$50="Row",$AQ16,$AR16)+Fits!$B$123))^2/(1-(1/Fits!$B$120+(IF(Fits!$B$50="Row",$AQ16,$AR16)-Fits!$B$121)^2/Fits!$B$122)))<=0,"",($AC16-(IF(Fits!$B$50="Row",Fits!$B$44,Fits!$B$47)*IF(Fits!$B$50="Row",$AQ16,$AR16)+Fits!$B$123))/(SQRT((Fits!$B$129-($AC16-(IF(Fits!$B$50="Row",Fits!$B$44,Fits!$B$47)*IF(Fits!$B$50="Row",$AQ16,$AR16)+Fits!$B$123))^2/(1-(1/Fits!$B$120+(IF(Fits!$B$50="Row",$AQ16,$AR16)-Fits!$B$121)^2/Fits!$B$122)))/(Fits!$B$120-3))*SQRT(1-(1/Fits!$B$120+(IF(Fits!$B$50="Row",$AQ16,$AR16)-Fits!$B$121)^2/Fits!$B$122))))))) | CD16: =IF($AU16="","",1) -> 1 | CE16: =IF($AU16="","",$AU16-Fits!$B$133) -> -9.3135964 | CF16: =IF($AU16="","",($AV16-(Fits!$B$56*$AU16+Fits!$B$57))-Fits!$B$56*($AU16-Fits!$B$133)) -> 9.6626341 | CG16: =IF($AU16="","",$AU16^2) -> 0.37829241 | CH16: =IF($AW16="","",1) -> 1 | CI16: =IF($AW16="","",$AW16-Fits!$B$153) -> -10.101642 | CJ16: =IF($AW16="","",($AX16-(Fits!$B$63*$AW16+Fits!$B$64))-Fits!$B$63*($AW16-Fits!$B$153)) -> 10.229172 | CK16: =IF($AW16="","",$AW16^2) -> 550.85157 | CL16: =IF(OR($Z16="",Fits!$B$55<3,Fits!$B$133="",Fits!$B$134="",Fits!$B$134=0,Fits!$B$136=""),"",SQRT((Fits!$B$136*Fits!$B$56)^2+SUMPRODUCT((Fits!$J$163:$J$175*(Fits!$B$163:$B$175/Fits!$B$55+Fits!$H$163:$H$175*($Z16-Fits!$B$133)/Fits!$B$134))^2)+SUMPRODUCT((Fits!$G$163:$G$175*(($Z16-Fits!$B$133)*Fits!$I$163:$I$175/Fits!$B$134-Fits!$B$163:$B$175*Fits!$B$56/Fits!$B$55))^2))) -> 0.2201764 | CM16: =IF($CL16="","",Setup!$B$32*$CL16) -> 0.4403528 | CN16: =IF(OR($AE16="",Fits!$B$62<3,Fits!$B$153="",Fits!$B$154="",Fits!$B$154=0,Fits!$B$156=""),"",SQRT((Fits!$B$156*Fits!$B$63)^2+SUMPRODUCT((Fits!$J$183:$J$195*(Fits!$B$183:$B$195/Fits!$B$62+Fits!$H$183:$H$195*($AE16-Fits!$B$153)/Fits!$B$154))^2)+SUMPRODUCT((Fits!$G$183:$G$195*(($AE16-Fits!$B$153)*Fits!$I$183:$I$195/Fits!$B$154-Fits!$B$183:$B$195*Fits!$B$63/Fits!$B$62))^2))) -> 0.046654164 | CO16: =IF($CN16="","",Setup!$B$32*$CN16) -> 0.093308328 | CP16: =IF(OR(NOT(ISNUMBER($BJ16)),$EK16=1),$CP15,IF($BJ16<=Setup!$B$26,$CP15+1,0)) -> 0 | CQ16: =IF($BT16="","",$A16) -> 11 | CR16: =IF($BW16="","",$A16) -> 11 | CS16: =IF($B16="","",IF(Setup!$A$37="",0,IF(ISNUMBER(SEARCH(Setup!$A$37,$B16)),37,0))) -> 37 | CT16: =IF($B16="","",IF(Setup!$A$38="",0,IF(ISNUMBER(SEARCH(Setup!$A$38,$B16)),38,0))) -> 0 | CU16: =IF($B16="","",IF(Setup!$A$39="",0,IF(ISNUMBER(SEARCH(Setup!$A$39,$B16)),39,0))) -> 0 | CV16: =IF($B16="","",IF(Setup!$A$40="",0,IF(ISNUMBER(SEARCH(Setup!$A$40,$B16)),40,0))) -> 0 | CW16: =IF($B16="","",IF(Setup!$A$41="",0,IF(ISNUMBER(SEARCH(Setup!$A$41,$B16)),41,0))) -> 0 | CX16: =IF($B16="","",IF(Setup!$A$42="",0,IF(ISNUMBER(SEARCH(Setup!$A$42,$B16)),42,0))) -> 0 | CY16: =IF($B16="","",IF(Setup!$A$43="",0,IF(ISNUMBER(SEARCH(Setup!$A$43,$B16)),43,0))) -> 0 | CZ16: =IF($B16="","",IF(Setup!$A$44="",0,IF(ISNUMBER(SEARCH(Setup!$A$44,$B16)),44,0))) -> 0 | DA16: =IF($B16="","",IF(Setup!$A$45="",0,IF(ISNUMBER(SEARCH(Setup!$A$45,$B16)),45,0))) -> 0 | DB16: =IF($B16="","",IF(Setup!$A$46="",0,IF(ISNUMBER(SEARCH(Setup!$A$46,$B16)),46,0))) -> 0 | DC16: =IF($B16="","",IF(Setup!$A$47="",0,IF(ISNUMBER(SEARCH(Setup!$A$47,$B16)),47,0))) -> 0 | DD16: =IF($B16="","",IF(Setup!$A$48="",0,IF(ISNUMBER(SEARCH(Setup!$A$48,$B16)),48,0))) -> 0 | DE16: =IF($B16="","",IF(Setup!$A$49="",0,IF(ISNUMBER(SEARCH(Setup!$A$49,$B16)),49,0))) -> 0 | DF16: =IF($B16="",NA(),$A16) -> 11 | DG16: =IF($BI16="",NA(),$BI16) -> 27.7 | DH16: =IF($N16="",NA(),$N16) -> 30 | DI16: =IF(AND($D16="Drift",$N16<>""),$N16,NA()) -> #N/A | DJ16: =IF(AND($D16="Drift",$N16<>""),$N16,"") | DK16: =IF($DJ16="","",$A16) | DL16: =IF($AN16="",NA(),$AM16) -> #N/A | DM16: =IF($AN16="",NA(),$AN16) -> #N/A | DN16: =IF(AND($D16="Sample",$L16<>""),$L16,NA()) -> #N/A | DO16: =IF(AND($D16="Sample",$L16<>"",Fits!$B$98<>""),Fits!$B$98,NA()) -> #N/A | DP16: =IF($AS16="",NA(),$AS16) -> #N/A | DQ16: =IF(AND($D16="Drift",$AS16="",$X16<>""),$X16,NA()) -> #N/A | DR16: =IF(AND($D16="Drift",$Z16<>""),$Z16,NA()) -> #N/A | DS16: =IF(AND(OR($D16="Sample",$D16="Check"),$AA16<>""),$AA16,NA()) -> #N/A | DT16: =IF(OR($B16="",Fits!$B$138=""),NA(),Fits!$B$138) -> 1.76 | DU16: =IF(OR($B16="",Fits!$B$139=""),NA(),Fits!$B$139) -> 20.68 | DV16: =IF($BT16="",NA(),$BT16) -> -1.203 | DW16: =IF($AP16="",NA(),$AO16) -> #N/A | DX16: =IF($AP16="",NA(),$AP16) -> #N/A | DY16: =IF(AND($D16="Sample",$P16<>""),$P16,NA()) -> #N/A | DZ16: =IF(AND($D16="Sample",$P16<>"",Fits!$B$105<>""),Fits!$B$105,NA()) -> #N/A | EA16: =IF($AT16="",NA(),$AT16) -> #N/A | EB16: =IF(AND($D16="Drift",$AT16="",$AC16<>""),$AC16,NA()) -> #N/A | EC16: =IF(AND($D16="Drift",$AE16<>""),$AE16,NA()) -> #N/A | ED16: =IF(AND(OR($D16="Sample",$D16="Check"),$AF16<>""),$AF16,NA()) -> #N/A | EE16: =IF(OR($B16="",Fits!$B$158=""),NA(),Fits!$B$158) -> -40.81 | EF16: =IF(OR($B16="",Fits!$B$159=""),NA(),Fits!$B$159) -> -20.29 | EG16: =IF($BW16="",NA(),$BW16) -> -25.384 | EH16: =IF(AND($EN16=1,ISNUMBER($N16)),$N16,NA()) -> #N/A | EI16: =IF($B16="","",$A16) -> 11 | EJ16: =IF(OR(AND(ISNUMBER($L16),Fits!$B$97>0,$L16>Fits!$B$97),AND(ISNUMBER($P16),Fits!$B$104>0,$P16>Fits!$B$104)),1,0) -> 0 | EK16: =IF(OR($EJ15=1,$EJ14=1),1,0) -> 0 | EL16: =IF(AND($EK16=0,ISNUMBER($N16)),$N16,$EL15) -> 30 | EM16: =IF(AND($EK16=1,ISNUMBER($N16),ISNUMBER($EL16)),$N16-$EL16,"") | EN16: =IF(Setup!$B$28="",0,IF(ISNUMBER($EM16),IF($EM16>Setup!$B$28,1,0),0)) -> 0 | EO16: =IF($EN16=1,COUNTIF($EN$6:$EN16,1),"") | EP16: =IF(AND($EJ15=1,OR($D16="Sample",$D16="Check")),1,0) -> 0 | EQ16: =IF(ISNUMBER($BI16),IF(COUNT($BI$6:$BI16)<=5,$BI16,""),"") | ER16: =IF(OR(NOT(ISNUMBER($BJ16)),$EK16=1),$ER15,IF($BJ16<=Setup!$B$26,IF($CP15=0,$A16,$ER15),""))
